waypoint_name,x,y,yaw_deg,target_x,target_y,target_yaw_deg,remaining_distance_m,yaw_error_deg,elapsed_sec
pose_wp01_clear_obstacle,0.000000,0.000000,0.000000,0.700000,0.800000,45.000000,1.063015,45.000000,0.000007
pose_wp01_clear_obstacle,0.000000,0.000000,0.000000,0.700000,0.800000,45.000000,1.063015,45.000000,0.120174
pose_wp01_clear_obstacle,0.000000,0.000000,0.000000,0.700000,0.800000,45.000000,1.063015,45.000000,0.240331
pose_wp01_clear_obstacle,0.000000,0.000000,0.000000,0.700000,0.800000,45.000000,1.063015,45.000000,0.360487
pose_wp01_clear_obstacle,0.000000,0.000000,0.000000,0.700000,0.800000,45.000000,1.063015,45.000000,0.480574
pose_wp01_clear_obstacle,0.000000,0.000000,0.000000,0.700000,0.800000,45.000000,1.063015,45.000000,0.600728
pose_wp01_clear_obstacle,0.000000,0.000000,0.000000,0.700000,0.800000,45.000000,1.063015,45.000000,0.720933
pose_wp01_clear_obstacle,0.000000,0.000000,0.000000,0.700000,0.800000,45.000000,1.063015,45.000000,0.841221
pose_wp01_clear_obstacle,0.000000,0.000000,0.000000,0.700000,0.800000,45.000000,1.063015,45.000000,0.961443
pose_wp01_clear_obstacle,-0.000000,-0.000000,16.885066,0.700000,0.800000,45.000000,1.063015,28.114934,1.081591
pose_wp01_clear_obstacle,-0.000000,-0.000000,16.885066,0.700000,0.800000,45.000000,1.063015,28.114934,1.201747
pose_wp01_clear_obstacle,-0.000000,-0.000000,16.885066,0.700000,0.800000,45.000000,1.063015,28.114934,1.322023
pose_wp01_clear_obstacle,-0.000000,-0.000000,16.885066,0.700000,0.800000,45.000000,1.063015,28.114934,1.442393
pose_wp01_clear_obstacle,-0.000000,-0.000000,16.885066,0.700000,0.800000,45.000000,1.063015,28.114934,1.562534
pose_wp01_clear_obstacle,-0.000000,-0.000000,16.885066,0.700000,0.800000,45.000000,1.063015,28.114934,1.682653
pose_wp01_clear_obstacle,-0.000000,-0.000000,16.885066,0.700000,0.800000,45.000000,1.063015,28.114934,1.802816
pose_wp01_clear_obstacle,-0.000000,-0.000000,16.885066,0.700000,0.800000,45.000000,1.063015,28.114934,1.923521
pose_wp01_clear_obstacle,-0.000000,-0.000000,16.885066,0.700000,0.800000,45.000000,1.063015,28.114934,2.043721
pose_wp01_clear_obstacle,-0.000000,-0.000000,16.885066,0.700000,0.800000,45.000000,1.063015,28.114934,2.163914
pose_wp01_clear_obstacle,-0.000000,-0.000000,36.938589,0.700000,0.800000,45.000000,1.063015,8.061411,2.284070
pose_wp01_clear_obstacle,-0.000000,-0.000000,36.938589,0.700000,0.800000,45.000000,1.063015,8.061411,2.404168
pose_wp01_clear_obstacle,-0.000000,-0.000000,36.938589,0.700000,0.800000,45.000000,1.063015,8.061411,2.524368
pose_wp01_clear_obstacle,-0.000000,-0.000000,36.938589,0.700000,0.800000,45.000000,1.063015,8.061411,2.644531
pose_wp01_clear_obstacle,-0.000000,-0.000000,36.938589,0.700000,0.800000,45.000000,1.063015,8.061411,2.764753
pose_wp01_clear_obstacle,-0.000000,-0.000000,36.938589,0.700000,0.800000,45.000000,1.063015,8.061411,2.884933
pose_wp01_clear_obstacle,-0.000000,-0.000000,36.938589,0.700000,0.800000,45.000000,1.063015,8.061411,3.005122
pose_wp01_clear_obstacle,-0.000000,-0.000000,36.938589,0.700000,0.800000,45.000000,1.063015,8.061411,3.125286
pose_wp01_clear_obstacle,-0.000000,-0.000000,36.938589,0.700000,0.800000,45.000000,1.063015,8.061411,3.248290
pose_wp01_clear_obstacle,-0.000000,-0.000000,51.884494,0.700000,0.800000,45.000000,1.063015,-6.884494,3.368512
pose_wp01_clear_obstacle,-0.000000,-0.000000,51.884494,0.700000,0.800000,45.000000,1.063015,-6.884494,3.488676
pose_wp01_clear_obstacle,-0.000000,-0.000000,51.884494,0.700000,0.800000,45.000000,1.063015,-6.884494,3.608849
pose_wp01_clear_obstacle,-0.000000,-0.000000,51.884494,0.700000,0.800000,45.000000,1.063015,-6.884494,3.729302
pose_wp01_clear_obstacle,-0.000000,-0.000000,51.884494,0.700000,0.800000,45.000000,1.063015,-6.884494,3.849484
pose_wp01_clear_obstacle,-0.000000,-0.000000,51.884494,0.700000,0.800000,45.000000,1.063015,-6.884494,3.969667
pose_wp01_clear_obstacle,-0.000000,-0.000000,51.884494,0.700000,0.800000,45.000000,1.063015,-6.884494,4.090288
pose_wp01_clear_obstacle,-0.000000,-0.000000,51.884494,0.700000,0.800000,45.000000,1.063015,-6.884494,4.210450
pose_wp01_clear_obstacle,-0.000000,-0.000000,51.884494,0.700000,0.800000,45.000000,1.063015,-6.884494,4.330581
pose_wp01_clear_obstacle,0.093246,0.122085,51.590005,0.700000,0.800000,45.000000,0.909790,-6.590005,4.450709
pose_wp01_clear_obstacle,0.093246,0.122085,51.590005,0.700000,0.800000,45.000000,0.909790,-6.590005,4.570817
pose_wp01_clear_obstacle,0.093246,0.122085,51.590005,0.700000,0.800000,45.000000,0.909790,-6.590005,4.690971
pose_wp01_clear_obstacle,0.093246,0.122085,51.590005,0.700000,0.800000,45.000000,0.909790,-6.590005,4.811112
pose_wp01_clear_obstacle,0.093246,0.122085,51.590005,0.700000,0.800000,45.000000,0.909790,-6.590005,4.931284
pose_wp01_clear_obstacle,0.093246,0.122085,51.590005,0.700000,0.800000,45.000000,0.909790,-6.590005,5.051401
pose_wp01_clear_obstacle,0.093246,0.122085,51.590005,0.700000,0.800000,45.000000,0.909790,-6.590005,5.171598
pose_wp01_clear_obstacle,0.093246,0.122085,51.590005,0.700000,0.800000,45.000000,0.909790,-6.590005,5.291823
pose_wp01_clear_obstacle,0.093246,0.122085,51.590005,0.700000,0.800000,45.000000,0.909790,-6.590005,5.412047
pose_wp01_clear_obstacle,0.208383,0.260423,48.862175,0.700000,0.800000,45.000000,0.729952,-3.862175,5.532139
pose_wp01_clear_obstacle,0.208383,0.260423,48.862175,0.700000,0.800000,45.000000,0.729952,-3.862175,5.652298
pose_wp01_clear_obstacle,0.208383,0.260423,48.862175,0.700000,0.800000,45.000000,0.729952,-3.862175,5.772468
pose_wp01_clear_obstacle,0.208383,0.260423,48.862175,0.700000,0.800000,45.000000,0.729952,-3.862175,5.892645
pose_wp01_clear_obstacle,0.208383,0.260423,48.862175,0.700000,0.800000,45.000000,0.729952,-3.862175,6.012794
pose_wp01_clear_obstacle,0.208383,0.260423,48.862175,0.700000,0.800000,45.000000,0.729952,-3.862175,6.133381
pose_wp01_clear_obstacle,0.208383,0.260423,48.862175,0.700000,0.800000,45.000000,0.729952,-3.862175,6.253542
pose_wp01_clear_obstacle,0.208383,0.260423,48.862175,0.700000,0.800000,45.000000,0.729952,-3.862175,6.373683
pose_wp01_clear_obstacle,0.208383,0.260423,48.862175,0.700000,0.800000,45.000000,0.729952,-3.862175,6.493875
pose_wp01_clear_obstacle,0.208383,0.260423,48.862175,0.700000,0.800000,45.000000,0.729952,-3.862175,6.614047
pose_wp01_clear_obstacle,0.327989,0.394936,47.877400,0.700000,0.800000,45.000000,0.549972,-2.877400,6.734203
pose_wp01_clear_obstacle,0.327989,0.394936,47.877400,0.700000,0.800000,45.000000,0.549972,-2.877400,6.854352
pose_wp01_clear_obstacle,0.327989,0.394936,47.877400,0.700000,0.800000,45.000000,0.549972,-2.877400,6.974534
pose_wp01_clear_obstacle,0.327989,0.394936,47.877400,0.700000,0.800000,45.000000,0.549972,-2.877400,7.094684
pose_wp01_clear_obstacle,0.327989,0.394936,47.877400,0.700000,0.800000,45.000000,0.549972,-2.877400,7.214848
pose_wp01_clear_obstacle,0.327989,0.394936,47.877400,0.700000,0.800000,45.000000,0.549972,-2.877400,7.334970
pose_wp01_clear_obstacle,0.327989,0.394936,47.877400,0.700000,0.800000,45.000000,0.549972,-2.877400,7.455141
pose_wp01_clear_obstacle,0.327989,0.394936,47.877400,0.700000,0.800000,45.000000,0.549972,-2.877400,7.575266
pose_wp01_clear_obstacle,0.327989,0.394936,47.877400,0.700000,0.800000,45.000000,0.549972,-2.877400,7.696497
pose_wp01_clear_obstacle,0.449245,0.527965,47.471729,0.700000,0.800000,45.000000,0.369974,-2.471729,7.816631
pose_wp01_clear_obstacle,0.449245,0.527965,47.471729,0.700000,0.800000,45.000000,0.369974,-2.471729,7.937355
pose_wp01_clear_obstacle,0.449245,0.527965,47.471729,0.700000,0.800000,45.000000,0.369974,-2.471729,8.057522
pose_wp01_clear_obstacle,0.449245,0.527965,47.471729,0.700000,0.800000,45.000000,0.369974,-2.471729,8.177742
pose_wp01_clear_obstacle,0.449245,0.527965,47.471729,0.700000,0.800000,45.000000,0.369974,-2.471729,8.297907
pose_wp01_clear_obstacle,0.449245,0.527965,47.471729,0.700000,0.800000,45.000000,0.369974,-2.471729,8.418122
pose_wp01_clear_obstacle,0.449245,0.527965,47.471729,0.700000,0.800000,45.000000,0.369974,-2.471729,8.539812
pose_wp01_clear_obstacle,0.449245,0.527965,47.471729,0.700000,0.800000,45.000000,0.369974,-2.471729,8.660026
pose_wp01_clear_obstacle,0.449245,0.527965,47.471729,0.700000,0.800000,45.000000,0.369974,-2.471729,8.780173
pose_wp01_clear_obstacle,0.562511,0.651150,47.345214,0.700000,0.800000,45.000000,0.202631,-2.345214,8.900332
pose_wp01_clear_obstacle,0.562511,0.651150,47.345214,0.700000,0.800000,45.000000,0.202631,-2.345214,9.020492
pose_wp01_clear_obstacle,0.562511,0.651150,47.345214,0.700000,0.800000,45.000000,0.202631,-2.345214,9.140648
pose_wp01_clear_obstacle,0.562511,0.651150,47.345214,0.700000,0.800000,45.000000,0.202631,-2.345214,9.260842
pose_wp01_clear_obstacle,0.562511,0.651150,47.345214,0.700000,0.800000,45.000000,0.202631,-2.345214,9.380950
pose_wp01_clear_obstacle,0.562511,0.651150,47.345214,0.700000,0.800000,45.000000,0.202631,-2.345214,9.501139
pose_wp01_clear_obstacle,0.562511,0.651150,47.345214,0.700000,0.800000,45.000000,0.202631,-2.345214,9.621247
pose_wp01_clear_obstacle,0.562511,0.651150,47.345214,0.700000,0.800000,45.000000,0.202631,-2.345214,9.741420
pose_wp01_clear_obstacle,0.562511,0.651150,47.345214,0.700000,0.800000,45.000000,0.202631,-2.345214,9.861595
pose_wp01_clear_obstacle,0.562511,0.651150,47.345214,0.700000,0.800000,45.000000,0.202631,-2.345214,9.981789
pose_wp01_clear_obstacle,0.627656,0.721787,47.285138,0.700000,0.800000,45.000000,0.106541,-2.285138,10.101960
pose_wp01_clear_obstacle,0.627656,0.721787,47.285138,0.700000,0.800000,45.000000,0.106541,-2.285138,10.222103
pose_wp01_clear_obstacle,0.627656,0.721787,47.285138,0.700000,0.800000,45.000000,0.106541,-2.285138,10.342306
pose_wp01_clear_obstacle,0.627656,0.721787,47.285138,0.700000,0.800000,45.000000,0.106541,-2.285138,10.462473
pose_wp01_clear_obstacle,0.627656,0.721787,47.285138,0.700000,0.800000,45.000000,0.106541,-2.285138,10.582619
pose_wp01_clear_obstacle,0.627656,0.721787,47.285138,0.700000,0.800000,45.000000,0.106541,-2.285138,10.702786
pose_wp01_clear_obstacle,0.627656,0.721787,47.285138,0.700000,0.800000,45.000000,0.106541,-2.285138,10.822934
pose_wp01_clear_obstacle,0.627656,0.721787,47.285138,0.700000,0.800000,45.000000,0.106541,-2.285138,10.945875
pose_wp01_clear_obstacle,0.627656,0.721787,47.285138,0.700000,0.800000,45.000000,0.106541,-2.285138,11.066099
pose_wp01_clear_obstacle,0.663775,0.760879,47.241353,0.700000,0.800000,45.000000,0.053317,-2.241353,11.186880
pose_wp01_clear_obstacle,0.663775,0.760879,47.241353,0.700000,0.800000,45.000000,0.053317,-2.241353,11.307083
pose_wp01_clear_obstacle,0.663775,0.760879,47.241353,0.700000,0.800000,45.000000,0.053317,-2.241353,11.427233
pose_wp01_clear_obstacle,0.663775,0.760879,47.241353,0.700000,0.800000,45.000000,0.053317,-2.241353,11.547340
pose_wp01_clear_obstacle,0.663775,0.760879,47.241353,0.700000,0.800000,45.000000,0.053317,-2.241353,11.667469
pose_wp01_clear_obstacle,0.663775,0.760879,47.241353,0.700000,0.800000,45.000000,0.053317,-2.241353,11.789893
pose_wp01_clear_obstacle,0.663775,0.760879,47.241353,0.700000,0.800000,45.000000,0.053317,-2.241353,11.910078
pose_wp01_clear_obstacle,0.663775,0.760879,47.241353,0.700000,0.800000,45.000000,0.053317,-2.241353,12.030272
pose_wp01_clear_obstacle,0.663775,0.760879,47.241353,0.700000,0.800000,45.000000,0.053317,-2.241353,12.150426
pose_wp02_pass_upper,0.686468,0.785406,47.206438,1.300000,1.600000,45.000000,1.019796,-2.206438,0.000002
pose_wp02_pass_upper,0.686468,0.785406,47.206438,1.300000,1.600000,45.000000,1.019796,-2.206438,0.120124
pose_wp02_pass_upper,0.686468,0.785406,47.206438,1.300000,1.600000,45.000000,1.019796,-2.206438,0.240278
pose_wp02_pass_upper,0.686468,0.785406,47.206438,1.300000,1.600000,45.000000,1.019796,-2.206438,0.362816
pose_wp02_pass_upper,0.686468,0.785406,47.206438,1.300000,1.600000,45.000000,1.019796,-2.206438,0.483027
pose_wp02_pass_upper,0.686468,0.785406,47.206438,1.300000,1.600000,45.000000,1.019796,-2.206438,0.603199
pose_wp02_pass_upper,0.686468,0.785406,47.206438,1.300000,1.600000,45.000000,1.019796,-2.206438,0.723364
pose_wp02_pass_upper,0.686468,0.785406,47.206438,1.300000,1.600000,45.000000,1.019796,-2.206438,0.843543
pose_wp02_pass_upper,0.770410,0.882583,50.845234,1.300000,1.600000,45.000000,0.891714,-5.845234,0.963755
pose_wp02_pass_upper,0.770410,0.882583,50.845234,1.300000,1.600000,45.000000,0.891714,-5.845234,1.085875
pose_wp02_pass_upper,0.770410,0.882583,50.845234,1.300000,1.600000,45.000000,0.891714,-5.845234,1.206148
pose_wp02_pass_upper,0.770410,0.882583,50.845234,1.300000,1.600000,45.000000,0.891714,-5.845234,1.326335
pose_wp02_pass_upper,0.770410,0.882583,50.845234,1.300000,1.600000,45.000000,0.891714,-5.845234,1.446475
pose_wp02_pass_upper,0.770410,0.882583,50.845234,1.300000,1.600000,45.000000,0.891714,-5.845234,1.566634
pose_wp02_pass_upper,0.770410,0.882583,50.845234,1.300000,1.600000,45.000000,0.891714,-5.845234,1.686793
pose_wp02_pass_upper,0.770410,0.882583,50.845234,1.300000,1.600000,45.000000,0.891714,-5.845234,1.806957
pose_wp02_pass_upper,0.770410,0.882583,50.845234,1.300000,1.600000,45.000000,0.891714,-5.845234,1.927188
pose_wp02_pass_upper,0.880967,1.024615,53.197596,1.300000,1.600000,45.000000,0.711798,-8.197596,2.047375
pose_wp02_pass_upper,0.880967,1.024615,53.197596,1.300000,1.600000,45.000000,0.711798,-8.197596,2.167550
pose_wp02_pass_upper,0.880967,1.024615,53.197596,1.300000,1.600000,45.000000,0.711798,-8.197596,2.287715
pose_wp02_pass_upper,0.880967,1.024615,53.197596,1.300000,1.600000,45.000000,0.711798,-8.197596,2.408143
pose_wp02_pass_upper,0.880967,1.024615,53.197596,1.300000,1.600000,45.000000,0.711798,-8.197596,2.528406
pose_wp02_pass_upper,0.880967,1.024615,53.197596,1.300000,1.600000,45.000000,0.711798,-8.197596,2.649651
pose_wp02_pass_upper,0.880967,1.024615,53.197596,1.300000,1.600000,45.000000,0.711798,-8.197596,2.769896
pose_wp02_pass_upper,0.880967,1.024615,53.197596,1.300000,1.600000,45.000000,0.711798,-8.197596,2.890006
pose_wp02_pass_upper,0.880967,1.024615,53.197596,1.300000,1.600000,45.000000,0.711798,-8.197596,3.010116
pose_wp02_pass_upper,0.987894,1.169412,53.851979,1.300000,1.600000,45.000000,0.531804,-8.851979,3.130393
pose_wp02_pass_upper,0.987894,1.169412,53.851979,1.300000,1.600000,45.000000,0.531804,-8.851979,3.250597
pose_wp02_pass_upper,0.987894,1.169412,53.851979,1.300000,1.600000,45.000000,0.531804,-8.851979,3.370807
pose_wp02_pass_upper,0.987894,1.169412,53.851979,1.300000,1.600000,45.000000,0.531804,-8.851979,3.491025
pose_wp02_pass_upper,0.987894,1.169412,53.851979,1.300000,1.600000,45.000000,0.531804,-8.851979,3.611225
pose_wp02_pass_upper,0.987894,1.169412,53.851979,1.300000,1.600000,45.000000,0.531804,-8.851979,3.731422
pose_wp02_pass_upper,0.987894,1.169412,53.851979,1.300000,1.600000,45.000000,0.531804,-8.851979,3.851606
pose_wp02_pass_upper,0.987894,1.169412,53.851979,1.300000,1.600000,45.000000,0.531804,-8.851979,3.971796
pose_wp02_pass_upper,0.987894,1.169412,53.851979,1.300000,1.600000,45.000000,0.531804,-8.851979,4.091990
pose_wp02_pass_upper,0.987894,1.169412,53.851979,1.300000,1.600000,45.000000,0.531804,-8.851979,4.212186
pose_wp02_pass_upper,1.093847,1.314925,54.025121,1.300000,1.600000,45.000000,0.351805,-9.025121,4.332409
pose_wp02_pass_upper,1.093847,1.314925,54.025121,1.300000,1.600000,45.000000,0.351805,-9.025121,4.452593
pose_wp02_pass_upper,1.093847,1.314925,54.025121,1.300000,1.600000,45.000000,0.351805,-9.025121,4.572763
pose_wp02_pass_upper,1.093847,1.314925,54.025121,1.300000,1.600000,45.000000,0.351805,-9.025121,4.692984
pose_wp02_pass_upper,1.093847,1.314925,54.025121,1.300000,1.600000,45.000000,0.351805,-9.025121,4.813187
pose_wp02_pass_upper,1.093847,1.314925,54.025121,1.300000,1.600000,45.000000,0.351805,-9.025121,4.933437
pose_wp02_pass_upper,1.093847,1.314925,54.025121,1.300000,1.600000,45.000000,0.351805,-9.025121,5.053627
pose_wp02_pass_upper,1.093847,1.314925,54.025121,1.300000,1.600000,45.000000,0.351805,-9.025121,5.173827
pose_wp02_pass_upper,1.093847,1.314925,54.025121,1.300000,1.600000,45.000000,0.351805,-9.025121,5.293993
pose_wp02_pass_upper,1.188127,1.445042,54.115569,1.300000,1.600000,45.000000,0.191121,-9.115569,5.414502
pose_wp02_pass_upper,1.188127,1.445042,54.115569,1.300000,1.600000,45.000000,0.191121,-9.115569,5.534705
pose_wp02_pass_upper,1.188127,1.445042,54.115569,1.300000,1.600000,45.000000,0.191121,-9.115569,5.654900
pose_wp02_pass_upper,1.188127,1.445042,54.115569,1.300000,1.600000,45.000000,0.191121,-9.115569,5.775095
pose_wp02_pass_upper,1.188127,1.445042,54.115569,1.300000,1.600000,45.000000,0.191121,-9.115569,5.895327
pose_wp02_pass_upper,1.188127,1.445042,54.115569,1.300000,1.600000,45.000000,0.191121,-9.115569,6.015840
pose_wp02_pass_upper,1.188127,1.445042,54.115569,1.300000,1.600000,45.000000,0.191121,-9.115569,6.136135
pose_wp02_pass_upper,1.188127,1.445042,54.115569,1.300000,1.600000,45.000000,0.191121,-9.115569,6.256471
pose_wp02_pass_upper,1.188127,1.445042,54.115569,1.300000,1.600000,45.000000,0.191121,-9.115569,6.376895
pose_wp02_pass_upper,1.242901,1.520818,54.163498,1.300000,1.600000,45.000000,0.097622,-9.163498,6.497134
pose_wp02_pass_upper,1.242901,1.520818,54.163498,1.300000,1.600000,45.000000,0.097622,-9.163498,6.617796
pose_wp02_pass_upper,1.242901,1.520818,54.163498,1.300000,1.600000,45.000000,0.097622,-9.163498,6.738053
pose_wp02_pass_upper,1.242901,1.520818,54.163498,1.300000,1.600000,45.000000,0.097622,-9.163498,6.858242
pose_wp02_pass_upper,1.242901,1.520818,54.163498,1.300000,1.600000,45.000000,0.097622,-9.163498,6.978524
pose_wp02_pass_upper,1.242901,1.520818,54.163498,1.300000,1.600000,45.000000,0.097622,-9.163498,7.098757
pose_wp02_pass_upper,1.242901,1.520818,54.163498,1.300000,1.600000,45.000000,0.097622,-9.163498,7.218980
pose_wp02_pass_upper,1.242901,1.520818,54.163498,1.300000,1.600000,45.000000,0.097622,-9.163498,7.339185
pose_wp02_pass_upper,1.242901,1.520818,54.163498,1.300000,1.600000,45.000000,0.097622,-9.163498,7.459482
pose_wp02_pass_upper,1.269930,1.558265,54.196626,1.300000,1.600000,45.000000,0.051439,-9.196626,7.579645
pose_wp02_pass_upper,1.269930,1.558265,54.196626,1.300000,1.600000,45.000000,0.051439,-9.196626,7.699796
pose_wp02_pass_upper,1.269930,1.558265,54.196626,1.300000,1.600000,45.000000,0.051439,-9.196626,7.819970
pose_wp02_pass_upper,1.269930,1.558265,54.196626,1.300000,1.600000,45.000000,0.051439,-9.196626,7.940128
pose_wp02_pass_upper,1.269930,1.558265,54.196626,1.300000,1.600000,45.000000,0.051439,-9.196626,8.060727
pose_wp02_pass_upper,1.269930,1.558265,54.196626,1.300000,1.600000,45.000000,0.051439,-9.196626,8.180952
pose_wp02_pass_upper,1.269930,1.558265,54.196626,1.300000,1.600000,45.000000,0.051439,-9.196626,8.301104
pose_wp02_pass_upper,1.269930,1.558265,54.196626,1.300000,1.600000,45.000000,0.051439,-9.196626,8.421479
pose_wp02_pass_upper,1.269930,1.558265,54.196626,1.300000,1.600000,45.000000,0.051439,-9.196626,8.541651
pose_wp02_pass_upper,1.269930,1.558265,54.196626,1.300000,1.600000,45.000000,0.051439,-9.196626,8.661775
pose_wp02_pass_upper,1.287576,1.582741,54.220749,1.300000,1.600000,45.000000,0.021266,-9.220749,9.422568
pose_wp02_pass_upper,1.287576,1.582741,54.220749,1.300000,1.600000,45.000000,0.021266,-9.220749,9.542716
pose_wp02_pass_upper,1.287576,1.582741,54.220749,1.300000,1.600000,45.000000,0.021266,-9.220749,9.662886
pose_wp02_pass_upper,1.287576,1.582741,54.220749,1.300000,1.600000,45.000000,0.021266,-9.220749,9.782975
pose_wp02_pass_upper,1.289339,1.585187,51.417264,1.300000,1.600000,45.000000,0.018251,-6.417264,9.903132
pose_wp02_pass_upper,1.289339,1.585187,51.417264,1.300000,1.600000,45.000000,0.018251,-6.417264,10.024994
pose_wp02_pass_upper,1.289339,1.585187,51.417264,1.300000,1.600000,45.000000,0.018251,-6.417264,10.145163
pose_wp02_pass_upper,1.289339,1.585187,51.417264,1.300000,1.600000,45.000000,0.018251,-6.417264,10.265337
pose_wp02_pass_upper,1.289339,1.585187,51.417264,1.300000,1.600000,45.000000,0.018251,-6.417264,10.385531
pose_wp02_pass_upper,1.289339,1.585187,51.417264,1.300000,1.600000,45.000000,0.018251,-6.417264,10.505646
pose_wp02_pass_upper,1.289339,1.585187,51.417264,1.300000,1.600000,45.000000,0.018251,-6.417264,10.625775
pose_wp02_pass_upper,1.289339,1.585187,51.417264,1.300000,1.600000,45.000000,0.018251,-6.417264,10.745889
pose_wp02_pass_upper,1.289339,1.585187,51.417264,1.300000,1.600000,45.000000,0.018251,-6.417264,10.867648
pose_wp03_upper_lane,1.289339,1.585187,44.714780,1.500000,2.300000,0.000000,0.745209,-44.714780,0.000002
pose_wp03_upper_lane,1.289339,1.585187,44.714780,1.500000,2.300000,0.000000,0.745209,-44.714780,0.120152
pose_wp03_upper_lane,1.289339,1.585187,44.714780,1.500000,2.300000,0.000000,0.745209,-44.714780,0.240252
pose_wp03_upper_lane,1.289339,1.585187,44.714780,1.500000,2.300000,0.000000,0.745209,-44.714780,0.360422
pose_wp03_upper_lane,1.289339,1.585187,49.628679,1.500000,2.300000,0.000000,0.745209,-49.628679,0.480562
pose_wp03_upper_lane,1.289339,1.585187,49.628679,1.500000,2.300000,0.000000,0.745209,-49.628679,0.600757
pose_wp03_upper_lane,1.289339,1.585187,49.628679,1.500000,2.300000,0.000000,0.745209,-49.628679,0.720976
pose_wp03_upper_lane,1.289339,1.585187,49.628679,1.500000,2.300000,0.000000,0.745209,-49.628679,0.841139
pose_wp03_upper_lane,1.289339,1.585187,49.628679,1.500000,2.300000,0.000000,0.745209,-49.628679,0.961323
pose_wp03_upper_lane,1.289339,1.585187,49.628679,1.500000,2.300000,0.000000,0.745209,-49.628679,1.081479
pose_wp03_upper_lane,1.289339,1.585187,49.628679,1.500000,2.300000,0.000000,0.745209,-49.628679,1.201580
pose_wp03_upper_lane,1.289339,1.585187,49.628679,1.500000,2.300000,0.000000,0.745209,-49.628679,1.321762
pose_wp03_upper_lane,1.289339,1.585187,49.628679,1.500000,2.300000,0.000000,0.745209,-49.628679,1.441913
pose_wp03_upper_lane,1.289339,1.585187,69.682202,1.500000,2.300000,0.000000,0.745209,-69.682202,1.562061
pose_wp03_upper_lane,1.289339,1.585187,69.682202,1.500000,2.300000,0.000000,0.745209,-69.682202,1.682223
pose_wp03_upper_lane,1.289339,1.585187,69.682202,1.500000,2.300000,0.000000,0.745209,-69.682202,1.802380
pose_wp03_upper_lane,1.289339,1.585187,69.682202,1.500000,2.300000,0.000000,0.745209,-69.682202,1.922582
pose_wp03_upper_lane,1.289339,1.585187,69.682202,1.500000,2.300000,0.000000,0.745209,-69.682202,2.042785
pose_wp03_upper_lane,1.289339,1.585187,69.682202,1.500000,2.300000,0.000000,0.745209,-69.682202,2.164168
pose_wp03_upper_lane,1.289339,1.585187,69.682202,1.500000,2.300000,0.000000,0.745209,-69.682202,2.284424
pose_wp03_upper_lane,1.289339,1.585187,69.682202,1.500000,2.300000,0.000000,0.745209,-69.682202,2.404558
pose_wp03_upper_lane,1.289339,1.585187,69.682202,1.500000,2.300000,0.000000,0.745209,-69.682202,2.524647
pose_wp03_upper_lane,1.333946,1.734813,74.771190,1.500000,2.300000,0.000000,0.589076,-74.771190,2.644831
pose_wp03_upper_lane,1.333946,1.734813,74.771190,1.500000,2.300000,0.000000,0.589076,-74.771190,2.765004
pose_wp03_upper_lane,1.333946,1.734813,74.771190,1.500000,2.300000,0.000000,0.589076,-74.771190,2.885156
pose_wp03_upper_lane,1.333946,1.734813,74.771190,1.500000,2.300000,0.000000,0.589076,-74.771190,3.005422
pose_wp03_upper_lane,1.333946,1.734813,74.771190,1.500000,2.300000,0.000000,0.589076,-74.771190,3.125576
pose_wp03_upper_lane,1.333946,1.734813,74.771190,1.500000,2.300000,0.000000,0.589076,-74.771190,3.245776
pose_wp03_upper_lane,1.333946,1.734813,74.771190,1.500000,2.300000,0.000000,0.589076,-74.771190,3.365946
pose_wp03_upper_lane,1.333946,1.734813,74.771190,1.500000,2.300000,0.000000,0.589076,-74.771190,3.486082
pose_wp03_upper_lane,1.333946,1.734813,74.771190,1.500000,2.300000,0.000000,0.589076,-74.771190,3.606262
pose_wp03_upper_lane,1.333946,1.734813,74.771190,1.500000,2.300000,0.000000,0.589076,-74.771190,3.726425
pose_wp03_upper_lane,1.382157,1.908235,74.009513,1.500000,2.300000,0.000000,0.409105,-74.009513,3.848893
pose_wp03_upper_lane,1.382157,1.908235,74.009513,1.500000,2.300000,0.000000,0.409105,-74.009513,3.969101
pose_wp03_upper_lane,1.382157,1.908235,74.009513,1.500000,2.300000,0.000000,0.409105,-74.009513,4.089258
pose_wp03_upper_lane,1.382157,1.908235,74.009513,1.500000,2.300000,0.000000,0.409105,-74.009513,4.209411
pose_wp03_upper_lane,1.382157,1.908235,74.009513,1.500000,2.300000,0.000000,0.409105,-74.009513,4.329568
pose_wp03_upper_lane,1.382157,1.908235,74.009513,1.500000,2.300000,0.000000,0.409105,-74.009513,4.449750
pose_wp03_upper_lane,1.382157,1.908235,74.009513,1.500000,2.300000,0.000000,0.409105,-74.009513,4.569935
pose_wp03_upper_lane,1.382157,1.908235,74.009513,1.500000,2.300000,0.000000,0.409105,-74.009513,4.690097
pose_wp03_upper_lane,1.382157,1.908235,74.009513,1.500000,2.300000,0.000000,0.409105,-74.009513,4.810252
pose_wp03_upper_lane,1.432743,2.080980,73.376206,1.500000,2.300000,0.000000,0.229115,-73.376206,4.930442
pose_wp03_upper_lane,1.432743,2.080980,73.376206,1.500000,2.300000,0.000000,0.229115,-73.376206,5.050600
pose_wp03_upper_lane,1.432743,2.080980,73.376206,1.500000,2.300000,0.000000,0.229115,-73.376206,5.170786
pose_wp03_upper_lane,1.432743,2.080980,73.376206,1.500000,2.300000,0.000000,0.229115,-73.376206,5.290929
pose_wp03_upper_lane,1.432743,2.080980,73.376206,1.500000,2.300000,0.000000,0.229115,-73.376206,5.411075
pose_wp03_upper_lane,1.432743,2.080980,73.376206,1.500000,2.300000,0.000000,0.229115,-73.376206,5.531219
pose_wp03_upper_lane,1.432743,2.080980,73.376206,1.500000,2.300000,0.000000,0.229115,-73.376206,5.651367
pose_wp03_upper_lane,1.432743,2.080980,73.376206,1.500000,2.300000,0.000000,0.229115,-73.376206,5.771513
pose_wp03_upper_lane,1.432743,2.080980,73.376206,1.500000,2.300000,0.000000,0.229115,-73.376206,5.891655
pose_wp03_upper_lane,1.465022,2.187844,73.000740,1.500000,2.300000,0.000000,0.117484,-73.000740,6.011792
pose_wp03_upper_lane,1.465022,2.187844,73.000740,1.500000,2.300000,0.000000,0.117484,-73.000740,6.132025
pose_wp03_upper_lane,1.465022,2.187844,73.000740,1.500000,2.300000,0.000000,0.117484,-73.000740,6.252142
pose_wp03_upper_lane,1.465022,2.187844,73.000740,1.500000,2.300000,0.000000,0.117484,-73.000740,6.372268
pose_wp03_upper_lane,1.465022,2.187844,73.000740,1.500000,2.300000,0.000000,0.117484,-73.000740,6.492384
pose_wp03_upper_lane,1.465022,2.187844,73.000740,1.500000,2.300000,0.000000,0.117484,-73.000740,6.612527
pose_wp03_upper_lane,1.465022,2.187844,73.000740,1.500000,2.300000,0.000000,0.117484,-73.000740,6.732687
pose_wp03_upper_lane,1.465022,2.187844,73.000740,1.500000,2.300000,0.000000,0.117484,-73.000740,6.852845
pose_wp03_upper_lane,1.465022,2.187844,73.000740,1.500000,2.300000,0.000000,0.117484,-73.000740,6.973029
pose_wp03_upper_lane,1.481575,2.241566,72.739058,1.500000,2.300000,0.000000,0.061270,-72.739058,7.093190
pose_wp03_upper_lane,1.481575,2.241566,72.739058,1.500000,2.300000,0.000000,0.061270,-72.739058,7.213340
pose_wp03_upper_lane,1.481575,2.241566,72.739058,1.500000,2.300000,0.000000,0.061270,-72.739058,7.333530
pose_wp03_upper_lane,1.481575,2.241566,72.739058,1.500000,2.300000,0.000000,0.061270,-72.739058,7.453682
pose_wp03_upper_lane,1.481575,2.241566,72.739058,1.500000,2.300000,0.000000,0.061270,-72.739058,7.573904
pose_wp03_upper_lane,1.481575,2.241566,72.739058,1.500000,2.300000,0.000000,0.061270,-72.739058,7.696878
pose_wp03_upper_lane,1.481575,2.241566,72.739058,1.500000,2.300000,0.000000,0.061270,-72.739058,7.817076
pose_wp03_upper_lane,1.481575,2.241566,72.739058,1.500000,2.300000,0.000000,0.061270,-72.739058,7.937315
pose_wp03_upper_lane,1.481575,2.241566,72.739058,1.500000,2.300000,0.000000,0.061270,-72.739058,8.057522
pose_wp03_upper_lane,1.490769,2.270984,72.545289,1.500000,2.300000,0.000000,0.030449,-72.545289,8.177715
pose_wp03_upper_lane,1.490769,2.270984,72.545289,1.500000,2.300000,0.000000,0.030449,-72.545289,8.297875
pose_wp03_upper_lane,1.490769,2.270984,72.545289,1.500000,2.300000,0.000000,0.030449,-72.545289,8.418147
pose_wp03_upper_lane,1.490769,2.270984,72.545289,1.500000,2.300000,0.000000,0.030449,-72.545289,8.539508
pose_wp03_upper_lane,1.490769,2.270984,72.545289,1.500000,2.300000,0.000000,0.030449,-72.545289,8.659678
pose_wp03_upper_lane,1.490769,2.270984,72.545289,1.500000,2.300000,0.000000,0.030449,-72.545289,8.779840
pose_wp03_upper_lane,1.490769,2.270984,72.545289,1.500000,2.300000,0.000000,0.030449,-72.545289,8.900112
pose_wp03_upper_lane,1.490769,2.270984,72.545289,1.500000,2.300000,0.000000,0.030449,-72.545289,9.020235
pose_wp03_upper_lane,1.490769,2.270984,72.545289,1.500000,2.300000,0.000000,0.030449,-72.545289,9.140399
pose_wp03_upper_lane,1.490769,2.270984,72.545289,1.500000,2.300000,0.000000,0.030449,-72.545289,9.260526
pose_wp03_upper_lane,1.499806,2.299591,72.390508,1.500000,2.300000,0.000000,0.000453,-72.390508,10.024063
pose_wp03_upper_lane,1.499806,2.299591,72.390508,1.500000,2.300000,0.000000,0.000453,-72.390508,10.144199
pose_wp03_upper_lane,1.499806,2.299591,72.390508,1.500000,2.300000,0.000000,0.000453,-72.390508,10.264320
pose_wp03_upper_lane,1.499806,2.299591,72.390508,1.500000,2.300000,0.000000,0.000453,-72.390508,10.384483
pose_wp03_upper_lane,1.500791,2.302693,68.001411,1.500000,2.300000,0.000000,0.002807,-68.001411,10.504677
pose_wp03_upper_lane,1.500791,2.302693,68.001411,1.500000,2.300000,0.000000,0.002807,-68.001411,10.624830
pose_wp03_upper_lane,1.500791,2.302693,68.001411,1.500000,2.300000,0.000000,0.002807,-68.001411,10.744991
pose_wp03_upper_lane,1.500791,2.302693,68.001411,1.500000,2.300000,0.000000,0.002807,-68.001411,10.865167
pose_wp03_upper_lane,1.500791,2.302693,68.001411,1.500000,2.300000,0.000000,0.002807,-68.001411,10.985477
pose_wp03_upper_lane,1.500791,2.302693,68.001411,1.500000,2.300000,0.000000,0.002807,-68.001411,11.105670
pose_wp03_upper_lane,1.500791,2.302693,68.001411,1.500000,2.300000,0.000000,0.002807,-68.001411,11.225868
pose_wp03_upper_lane,1.500791,2.302693,68.001411,1.500000,2.300000,0.000000,0.002807,-68.001411,11.346034
pose_wp03_upper_lane,1.500791,2.302693,68.001411,1.500000,2.300000,0.000000,0.002807,-68.001411,11.466197
pose_wp03_upper_lane,1.500791,2.302693,50.812677,1.500000,2.300000,0.000000,0.002807,-50.812677,11.586350
pose_wp03_upper_lane,1.500791,2.302693,50.812677,1.500000,2.300000,0.000000,0.002807,-50.812677,11.706533
pose_wp03_upper_lane,1.500791,2.302693,50.812677,1.500000,2.300000,0.000000,0.002807,-50.812677,11.826734
pose_wp03_upper_lane,1.500791,2.302693,50.812677,1.500000,2.300000,0.000000,0.002807,-50.812677,11.946907
pose_wp03_upper_lane,1.500791,2.302693,50.812677,1.500000,2.300000,0.000000,0.002807,-50.812677,12.067109
pose_wp03_upper_lane,1.500791,2.302693,50.812677,1.500000,2.300000,0.000000,0.002807,-50.812677,12.187281
pose_wp03_upper_lane,1.500791,2.302693,50.812677,1.500000,2.300000,0.000000,0.002807,-50.812677,12.307468
pose_wp03_upper_lane,1.500791,2.302693,50.812677,1.500000,2.300000,0.000000,0.002807,-50.812677,12.427570
pose_wp03_upper_lane,1.500791,2.302693,50.812677,1.500000,2.300000,0.000000,0.002807,-50.812677,12.547713
pose_wp03_upper_lane,1.500791,2.302693,33.623943,1.500000,2.300000,0.000000,0.002807,-33.623943,12.667867
pose_wp03_upper_lane,1.500791,2.302693,33.623943,1.500000,2.300000,0.000000,0.002807,-33.623943,12.788021
pose_wp03_upper_lane,1.500791,2.302693,33.623943,1.500000,2.300000,0.000000,0.002807,-33.623943,12.908190
pose_wp03_upper_lane,1.500791,2.302693,33.623943,1.500000,2.300000,0.000000,0.002807,-33.623943,13.028409
pose_wp03_upper_lane,1.500791,2.302693,33.623943,1.500000,2.300000,0.000000,0.002807,-33.623943,13.148569
pose_wp03_upper_lane,1.500791,2.302693,33.623943,1.500000,2.300000,0.000000,0.002807,-33.623943,13.268711
pose_wp03_upper_lane,1.500791,2.302693,33.623943,1.500000,2.300000,0.000000,0.002807,-33.623943,13.388842
pose_wp03_upper_lane,1.500791,2.302693,33.623943,1.500000,2.300000,0.000000,0.002807,-33.623943,13.509010
pose_wp03_upper_lane,1.500791,2.302693,33.623943,1.500000,2.300000,0.000000,0.002807,-33.623943,13.629137
pose_wp03_upper_lane,1.500791,2.302693,16.435210,1.500000,2.300000,0.000000,0.002807,-16.435210,13.749295
pose_wp03_upper_lane,1.500791,2.302693,16.435210,1.500000,2.300000,0.000000,0.002807,-16.435210,13.869446
pose_wp03_upper_lane,1.500791,2.302693,16.435210,1.500000,2.300000,0.000000,0.002807,-16.435210,13.989631
pose_wp03_upper_lane,1.500791,2.302693,16.435210,1.500000,2.300000,0.000000,0.002807,-16.435210,14.109963
pose_wp03_upper_lane,1.500791,2.302693,16.435210,1.500000,2.300000,0.000000,0.002807,-16.435210,14.230146
pose_wp03_upper_lane,1.500791,2.302693,16.435210,1.500000,2.300000,0.000000,0.002807,-16.435210,14.350310
pose_wp03_upper_lane,1.500791,2.302693,16.435210,1.500000,2.300000,0.000000,0.002807,-16.435210,14.470522
pose_wp03_upper_lane,1.500791,2.302693,16.435210,1.500000,2.300000,0.000000,0.002807,-16.435210,14.590705
pose_wp03_upper_lane,1.500791,2.302693,16.435210,1.500000,2.300000,0.000000,0.002807,-16.435210,14.710880
pose_wp03_upper_lane,1.500791,2.302693,16.435210,1.500000,2.300000,0.000000,0.002807,-16.435210,14.831059
pose_wp04_upper_lane,1.500791,2.302693,-0.023213,2.300000,2.300000,0.000000,0.799213,0.023213,0.000002
pose_wp04_upper_lane,1.500791,2.302693,-0.023213,2.300000,2.300000,0.000000,0.799213,0.023213,0.120109
pose_wp04_upper_lane,1.500791,2.302693,-0.023213,2.300000,2.300000,0.000000,0.799213,0.023213,0.240301
pose_wp04_upper_lane,1.540607,2.300610,-3.010856,2.300000,2.300000,0.000000,0.759393,3.010856,0.360498
pose_wp04_upper_lane,1.540607,2.300610,-3.010856,2.300000,2.300000,0.000000,0.759393,3.010856,0.480629
pose_wp04_upper_lane,1.540607,2.300610,-3.010856,2.300000,2.300000,0.000000,0.759393,3.010856,0.601018
pose_wp04_upper_lane,1.540607,2.300610,-3.010856,2.300000,2.300000,0.000000,0.759393,3.010856,0.721143
pose_wp04_upper_lane,1.540607,2.300610,-3.010856,2.300000,2.300000,0.000000,0.759393,3.010856,0.841296
pose_wp04_upper_lane,1.540607,2.300610,-3.010856,2.300000,2.300000,0.000000,0.759393,3.010856,0.961401
pose_wp04_upper_lane,1.540607,2.300610,-3.010856,2.300000,2.300000,0.000000,0.759393,3.010856,1.081522
pose_wp04_upper_lane,1.540607,2.300610,-3.010856,2.300000,2.300000,0.000000,0.759393,3.010856,1.201832
pose_wp04_upper_lane,1.540607,2.300610,-3.010856,2.300000,2.300000,0.000000,0.759393,3.010856,1.322044
pose_wp04_upper_lane,1.540607,2.300610,-3.010856,2.300000,2.300000,0.000000,0.759393,3.010856,1.442213
pose_wp04_upper_lane,1.720498,2.294711,-0.692767,2.300000,2.300000,0.000000,0.579527,0.692767,1.562373
pose_wp04_upper_lane,1.720498,2.294711,-0.692767,2.300000,2.300000,0.000000,0.579527,0.692767,1.682524
pose_wp04_upper_lane,1.720498,2.294711,-0.692767,2.300000,2.300000,0.000000,0.579527,0.692767,1.802682
pose_wp04_upper_lane,1.720498,2.294711,-0.692767,2.300000,2.300000,0.000000,0.579527,0.692767,1.922844
pose_wp04_upper_lane,1.720498,2.294711,-0.692767,2.300000,2.300000,0.000000,0.579527,0.692767,2.042939
pose_wp04_upper_lane,1.720498,2.294711,-0.692767,2.300000,2.300000,0.000000,0.579527,0.692767,2.163125
pose_wp04_upper_lane,1.720498,2.294711,-0.692767,2.300000,2.300000,0.000000,0.579527,0.692767,2.283330
pose_wp04_upper_lane,1.720498,2.294711,-0.692767,2.300000,2.300000,0.000000,0.579527,0.692767,2.405111
pose_wp04_upper_lane,1.720498,2.294711,-0.692767,2.300000,2.300000,0.000000,0.579527,0.692767,2.525250
pose_wp04_upper_lane,1.900495,2.294490,0.423342,2.300000,2.300000,0.000000,0.399543,-0.423342,2.645347
pose_wp04_upper_lane,1.900495,2.294490,0.423342,2.300000,2.300000,0.000000,0.399543,-0.423342,2.765454
pose_wp04_upper_lane,1.900495,2.294490,0.423342,2.300000,2.300000,0.000000,0.399543,-0.423342,2.885574
pose_wp04_upper_lane,1.900495,2.294490,0.423342,2.300000,2.300000,0.000000,0.399543,-0.423342,3.005745
pose_wp04_upper_lane,1.900495,2.294490,0.423342,2.300000,2.300000,0.000000,0.399543,-0.423342,3.125903
pose_wp04_upper_lane,1.900495,2.294490,0.423342,2.300000,2.300000,0.000000,0.399543,-0.423342,3.246041
pose_wp04_upper_lane,1.900495,2.294490,0.423342,2.300000,2.300000,0.000000,0.399543,-0.423342,3.366199
pose_wp04_upper_lane,1.900495,2.294490,0.423342,2.300000,2.300000,0.000000,0.399543,-0.423342,3.488108
pose_wp04_upper_lane,1.900495,2.294490,0.423342,2.300000,2.300000,0.000000,0.399543,-0.423342,3.608330
pose_wp04_upper_lane,2.080293,2.296422,0.763931,2.300000,2.300000,0.000000,0.219737,-0.763931,3.728464
pose_wp04_upper_lane,2.080293,2.296422,0.763931,2.300000,2.300000,0.000000,0.219737,-0.763931,3.848595
pose_wp04_upper_lane,2.080293,2.296422,0.763931,2.300000,2.300000,0.000000,0.219737,-0.763931,3.968736
pose_wp04_upper_lane,2.080293,2.296422,0.763931,2.300000,2.300000,0.000000,0.219737,-0.763931,4.088908
pose_wp04_upper_lane,2.080293,2.296422,0.763931,2.300000,2.300000,0.000000,0.219737,-0.763931,4.209517
pose_wp04_upper_lane,2.080293,2.296422,0.763931,2.300000,2.300000,0.000000,0.219737,-0.763931,4.329615
pose_wp04_upper_lane,2.080293,2.296422,0.763931,2.300000,2.300000,0.000000,0.219737,-0.763931,4.449714
pose_wp04_upper_lane,2.080293,2.296422,0.763931,2.300000,2.300000,0.000000,0.219737,-0.763931,4.569815
pose_wp04_upper_lane,2.080293,2.296422,0.763931,2.300000,2.300000,0.000000,0.219737,-0.763931,4.689932
pose_wp04_upper_lane,2.185713,2.297957,0.905657,2.300000,2.300000,0.000000,0.114305,-0.905657,4.810050
pose_wp04_upper_lane,2.185713,2.297957,0.905657,2.300000,2.300000,0.000000,0.114305,-0.905657,4.933373
pose_wp04_upper_lane,2.185713,2.297957,0.905657,2.300000,2.300000,0.000000,0.114305,-0.905657,5.053487
pose_wp04_upper_lane,2.185713,2.297957,0.905657,2.300000,2.300000,0.000000,0.114305,-0.905657,5.173687
pose_wp04_upper_lane,2.185713,2.297957,0.905657,2.300000,2.300000,0.000000,0.114305,-0.905657,5.293789
pose_wp04_upper_lane,2.185713,2.297957,0.905657,2.300000,2.300000,0.000000,0.114305,-0.905657,5.413994
pose_wp04_upper_lane,2.185713,2.297957,0.905657,2.300000,2.300000,0.000000,0.114305,-0.905657,5.536195
pose_wp04_upper_lane,2.185713,2.297957,0.905657,2.300000,2.300000,0.000000,0.114305,-0.905657,5.656488
pose_wp04_upper_lane,2.185713,2.297957,0.905657,2.300000,2.300000,0.000000,0.114305,-0.905657,5.776625
pose_wp04_upper_lane,2.185713,2.297957,0.905657,2.300000,2.300000,0.000000,0.114305,-0.905657,5.896781
pose_wp04_upper_lane,2.238672,2.298837,1.000835,2.300000,2.300000,0.000000,0.061339,-1.000835,6.016926
pose_wp04_upper_lane,2.238672,2.298837,1.000835,2.300000,2.300000,0.000000,0.061339,-1.000835,6.137055
pose_wp04_upper_lane,2.238672,2.298837,1.000835,2.300000,2.300000,0.000000,0.061339,-1.000835,6.257606
pose_wp04_upper_lane,2.238672,2.298837,1.000835,2.300000,2.300000,0.000000,0.061339,-1.000835,6.377709
pose_wp04_upper_lane,2.238672,2.298837,1.000835,2.300000,2.300000,0.000000,0.061339,-1.000835,6.497828
pose_wp04_upper_lane,2.238672,2.298837,1.000835,2.300000,2.300000,0.000000,0.061339,-1.000835,6.618074
pose_wp04_upper_lane,2.238672,2.298837,1.000835,2.300000,2.300000,0.000000,0.061339,-1.000835,6.738332
pose_wp04_upper_lane,2.238672,2.298837,1.000835,2.300000,2.300000,0.000000,0.061339,-1.000835,6.858490
pose_wp04_upper_lane,2.238672,2.298837,1.000835,2.300000,2.300000,0.000000,0.061339,-1.000835,6.978672
pose_wp04_upper_lane,2.270858,2.299419,1.071715,2.300000,2.300000,0.000000,0.029148,-1.071715,7.098836
pose_wp04_upper_lane,2.270858,2.299419,1.071715,2.300000,2.300000,0.000000,0.029148,-1.071715,7.219009
pose_wp04_upper_lane,2.270858,2.299419,1.071715,2.300000,2.300000,0.000000,0.029148,-1.071715,7.339233
pose_wp04_upper_lane,2.270858,2.299419,1.071715,2.300000,2.300000,0.000000,0.029148,-1.071715,7.459393
pose_wp04_upper_lane,2.270858,2.299419,1.071715,2.300000,2.300000,0.000000,0.029148,-1.071715,7.579560
pose_wp04_upper_lane,2.270858,2.299419,1.071715,2.300000,2.300000,0.000000,0.029148,-1.071715,7.699703
pose_wp04_upper_lane,2.270858,2.299419,1.071715,2.300000,2.300000,0.000000,0.029148,-1.071715,7.819878
pose_wp04_upper_lane,2.270858,2.299419,1.071715,2.300000,2.300000,0.000000,0.029148,-1.071715,7.940138
pose_wp04_upper_lane,2.270858,2.299419,1.071715,2.300000,2.300000,0.000000,0.029148,-1.071715,8.060326
pose_wp05_upper_lane,2.302217,2.300022,1.131169,3.100000,2.300000,0.000000,0.797783,-1.131169,0.000002
pose_wp05_upper_lane,2.302217,2.300022,1.131169,3.100000,2.300000,0.000000,0.797783,-1.131169,0.120135
pose_wp05_upper_lane,2.302217,2.300022,1.131169,3.100000,2.300000,0.000000,0.797783,-1.131169,0.240374
pose_wp05_upper_lane,2.302217,2.300022,1.131169,3.100000,2.300000,0.000000,0.797783,-1.131169,0.360671
pose_wp05_upper_lane,2.302217,2.300022,1.131169,3.100000,2.300000,0.000000,0.797783,-1.131169,0.480841
pose_wp05_upper_lane,2.302217,2.300022,1.131169,3.100000,2.300000,0.000000,0.797783,-1.131169,0.601038
pose_wp05_upper_lane,2.302217,2.300022,1.131169,3.100000,2.300000,0.000000,0.797783,-1.131169,0.721279
pose_wp05_upper_lane,2.302217,2.300022,1.131169,3.100000,2.300000,0.000000,0.797783,-1.131169,0.841488
pose_wp05_upper_lane,2.433516,2.301682,0.392130,3.100000,2.300000,0.000000,0.666486,-0.392130,0.961673
pose_wp05_upper_lane,2.433516,2.301682,0.392130,3.100000,2.300000,0.000000,0.666486,-0.392130,1.081878
pose_wp05_upper_lane,2.433516,2.301682,0.392130,3.100000,2.300000,0.000000,0.666486,-0.392130,1.202109
pose_wp05_upper_lane,2.433516,2.301682,0.392130,3.100000,2.300000,0.000000,0.666486,-0.392130,1.322326
pose_wp05_upper_lane,2.433516,2.301682,0.392130,3.100000,2.300000,0.000000,0.666486,-0.392130,1.442652
pose_wp05_upper_lane,2.433516,2.301682,0.392130,3.100000,2.300000,0.000000,0.666486,-0.392130,1.562901
pose_wp05_upper_lane,2.433516,2.301682,0.392130,3.100000,2.300000,0.000000,0.666486,-0.392130,1.683077
pose_wp05_upper_lane,2.433516,2.301682,0.392130,3.100000,2.300000,0.000000,0.666486,-0.392130,1.803678
pose_wp05_upper_lane,2.433516,2.301682,0.392130,3.100000,2.300000,0.000000,0.666486,-0.392130,1.923892
pose_wp05_upper_lane,2.613515,2.302177,-0.057556,3.100000,2.300000,0.000000,0.486490,0.057556,2.044058
pose_wp05_upper_lane,2.613515,2.302177,-0.057556,3.100000,2.300000,0.000000,0.486490,0.057556,2.164259
pose_wp05_upper_lane,2.613515,2.302177,-0.057556,3.100000,2.300000,0.000000,0.486490,0.057556,2.284468
pose_wp05_upper_lane,2.613515,2.302177,-0.057556,3.100000,2.300000,0.000000,0.486490,0.057556,2.404650
pose_wp05_upper_lane,2.613515,2.302177,-0.057556,3.100000,2.300000,0.000000,0.486490,0.057556,2.524807
pose_wp05_upper_lane,2.613515,2.302177,-0.057556,3.100000,2.300000,0.000000,0.486490,0.057556,2.644979
pose_wp05_upper_lane,2.613515,2.302177,-0.057556,3.100000,2.300000,0.000000,0.486490,0.057556,2.765140
pose_wp05_upper_lane,2.613515,2.302177,-0.057556,3.100000,2.300000,0.000000,0.486490,0.057556,2.885226
pose_wp05_upper_lane,2.613515,2.302177,-0.057556,3.100000,2.300000,0.000000,0.486490,0.057556,3.005399
pose_wp05_upper_lane,2.613515,2.302177,-0.057556,3.100000,2.300000,0.000000,0.486490,0.057556,3.125537
pose_wp05_upper_lane,2.793514,2.301738,-0.219248,3.100000,2.300000,0.000000,0.306490,0.219248,3.245690
pose_wp05_upper_lane,2.793514,2.301738,-0.219248,3.100000,2.300000,0.000000,0.306490,0.219248,3.365860
pose_wp05_upper_lane,2.793514,2.301738,-0.219248,3.100000,2.300000,0.000000,0.306490,0.219248,3.486025
pose_wp05_upper_lane,2.793514,2.301738,-0.219248,3.100000,2.300000,0.000000,0.306490,0.219248,3.606146
pose_wp05_upper_lane,2.793514,2.301738,-0.219248,3.100000,2.300000,0.000000,0.306490,0.219248,3.726238
pose_wp05_upper_lane,2.793514,2.301738,-0.219248,3.100000,2.300000,0.000000,0.306490,0.219248,3.847143
pose_wp05_upper_lane,2.793514,2.301738,-0.219248,3.100000,2.300000,0.000000,0.306490,0.219248,3.967369
pose_wp05_upper_lane,2.793514,2.301738,-0.219248,3.100000,2.300000,0.000000,0.306490,0.219248,4.087523
pose_wp05_upper_lane,2.793514,2.301738,-0.219248,3.100000,2.300000,0.000000,0.306490,0.219248,4.207648
pose_wp05_upper_lane,2.936043,2.301075,-0.310411,3.100000,2.300000,0.000000,0.163961,0.310411,4.327808
pose_wp05_upper_lane,2.936043,2.301075,-0.310411,3.100000,2.300000,0.000000,0.163961,0.310411,4.447985
pose_wp05_upper_lane,2.936043,2.301075,-0.310411,3.100000,2.300000,0.000000,0.163961,0.310411,4.568110
pose_wp05_upper_lane,2.936043,2.301075,-0.310411,3.100000,2.300000,0.000000,0.163961,0.310411,4.688329
pose_wp05_upper_lane,2.936043,2.301075,-0.310411,3.100000,2.300000,0.000000,0.163961,0.310411,4.808448
pose_wp05_upper_lane,2.936043,2.301075,-0.310411,3.100000,2.300000,0.000000,0.163961,0.310411,4.928765
pose_wp05_upper_lane,2.936043,2.301075,-0.310411,3.100000,2.300000,0.000000,0.163961,0.310411,5.048888
pose_wp05_upper_lane,2.936043,2.301075,-0.310411,3.100000,2.300000,0.000000,0.163961,0.310411,5.168996
pose_wp05_upper_lane,2.936043,2.301075,-0.310411,3.100000,2.300000,0.000000,0.163961,0.310411,5.289224
pose_wp05_upper_lane,3.015954,2.300605,-0.364660,3.100000,2.300000,0.000000,0.084049,0.364660,5.409394
pose_wp05_upper_lane,3.015954,2.300605,-0.364660,3.100000,2.300000,0.000000,0.084049,0.364660,5.531809
pose_wp05_upper_lane,3.015954,2.300605,-0.364660,3.100000,2.300000,0.000000,0.084049,0.364660,5.651961
pose_wp05_upper_lane,3.015954,2.300605,-0.364660,3.100000,2.300000,0.000000,0.084049,0.364660,5.772246
pose_wp05_upper_lane,3.015954,2.300605,-0.364660,3.100000,2.300000,0.000000,0.084049,0.364660,5.892369
pose_wp05_upper_lane,3.015954,2.300605,-0.364660,3.100000,2.300000,0.000000,0.084049,0.364660,6.012513
pose_wp05_upper_lane,3.015954,2.300605,-0.364660,3.100000,2.300000,0.000000,0.084049,0.364660,6.133862
pose_wp05_upper_lane,3.015954,2.300605,-0.364660,3.100000,2.300000,0.000000,0.084049,0.364660,6.254010
pose_wp05_upper_lane,3.015954,2.300605,-0.364660,3.100000,2.300000,0.000000,0.084049,0.364660,6.374163
pose_wp05_upper_lane,3.055985,2.300337,-0.403694,3.100000,2.300000,0.000000,0.044016,0.403694,6.494379
pose_wp05_upper_lane,3.055985,2.300337,-0.403694,3.100000,2.300000,0.000000,0.044016,0.403694,6.614537
pose_wp05_upper_lane,3.055985,2.300337,-0.403694,3.100000,2.300000,0.000000,0.044016,0.403694,6.734790
pose_wp05_upper_lane,3.055985,2.300337,-0.403694,3.100000,2.300000,0.000000,0.044016,0.403694,6.854922
pose_wp05_upper_lane,3.055985,2.300337,-0.403694,3.100000,2.300000,0.000000,0.044016,0.403694,6.975096
pose_wp05_upper_lane,3.055985,2.300337,-0.403694,3.100000,2.300000,0.000000,0.044016,0.403694,7.095233
pose_wp05_upper_lane,3.055985,2.300337,-0.403694,3.100000,2.300000,0.000000,0.044016,0.403694,7.215381
pose_wp05_upper_lane,3.055985,2.300337,-0.403694,3.100000,2.300000,0.000000,0.044016,0.403694,7.335543
pose_wp05_upper_lane,3.055985,2.300337,-0.403694,3.100000,2.300000,0.000000,0.044016,0.403694,7.455684
pose_wp05_upper_lane,3.055985,2.300337,-0.403694,3.100000,2.300000,0.000000,0.044016,0.403694,7.575803
pose_wp06_upper_lane,3.089858,2.300089,-0.435462,3.900000,2.300000,0.000000,0.810142,0.435462,0.000003
pose_wp06_upper_lane,3.089858,2.300089,-0.435462,3.900000,2.300000,0.000000,0.810142,0.435462,0.120118
pose_wp06_upper_lane,3.089858,2.300089,-0.435462,3.900000,2.300000,0.000000,0.810142,0.435462,0.240284
pose_wp06_upper_lane,3.089858,2.300089,-0.435462,3.900000,2.300000,0.000000,0.810142,0.435462,0.360417
pose_wp06_upper_lane,3.089858,2.300089,-0.435462,3.900000,2.300000,0.000000,0.810142,0.435462,0.480600
pose_wp06_upper_lane,3.089858,2.300089,-0.435462,3.900000,2.300000,0.000000,0.810142,0.435462,0.600758
pose_wp06_upper_lane,3.089858,2.300089,-0.435462,3.900000,2.300000,0.000000,0.810142,0.435462,0.720907
pose_wp06_upper_lane,3.206587,2.299489,-0.182436,3.900000,2.300000,0.000000,0.693413,0.182436,0.843740
pose_wp06_upper_lane,3.206587,2.299489,-0.182436,3.900000,2.300000,0.000000,0.693413,0.182436,0.964658
pose_wp06_upper_lane,3.206587,2.299489,-0.182436,3.900000,2.300000,0.000000,0.693413,0.182436,1.084851
pose_wp06_upper_lane,3.206587,2.299489,-0.182436,3.900000,2.300000,0.000000,0.693413,0.182436,1.204954
pose_wp06_upper_lane,3.206587,2.299489,-0.182436,3.900000,2.300000,0.000000,0.693413,0.182436,1.325108
pose_wp06_upper_lane,3.206587,2.299489,-0.182436,3.900000,2.300000,0.000000,0.693413,0.182436,1.445263
pose_wp06_upper_lane,3.206587,2.299489,-0.182436,3.900000,2.300000,0.000000,0.693413,0.182436,1.565409
pose_wp06_upper_lane,3.206587,2.299489,-0.182436,3.900000,2.300000,0.000000,0.693413,0.182436,1.685560
pose_wp06_upper_lane,3.206587,2.299489,-0.182436,3.900000,2.300000,0.000000,0.693413,0.182436,1.805705
pose_wp06_upper_lane,3.206587,2.299489,-0.182436,3.900000,2.300000,0.000000,0.693413,0.182436,1.925844
pose_wp06_upper_lane,3.386586,2.299208,0.000426,3.900000,2.300000,0.000000,0.513414,-0.000426,2.046017
pose_wp06_upper_lane,3.386586,2.299208,0.000426,3.900000,2.300000,0.000000,0.513414,-0.000426,2.166166
pose_wp06_upper_lane,3.386586,2.299208,0.000426,3.900000,2.300000,0.000000,0.513414,-0.000426,2.286380
pose_wp06_upper_lane,3.386586,2.299208,0.000426,3.900000,2.300000,0.000000,0.513414,-0.000426,2.406581
pose_wp06_upper_lane,3.386586,2.299208,0.000426,3.900000,2.300000,0.000000,0.513414,-0.000426,2.526805
pose_wp06_upper_lane,3.386586,2.299208,0.000426,3.900000,2.300000,0.000000,0.513414,-0.000426,2.649346
pose_wp06_upper_lane,3.386586,2.299208,0.000426,3.900000,2.300000,0.000000,0.513414,-0.000426,2.769589
pose_wp06_upper_lane,3.386586,2.299208,0.000426,3.900000,2.300000,0.000000,0.513414,-0.000426,2.889757
pose_wp06_upper_lane,3.386586,2.299208,0.000426,3.900000,2.300000,0.000000,0.513414,-0.000426,3.009934
pose_wp06_upper_lane,3.566586,2.299353,0.081811,3.900000,2.300000,0.000000,0.333414,-0.081811,3.130104
pose_wp06_upper_lane,3.566586,2.299353,0.081811,3.900000,2.300000,0.000000,0.333414,-0.081811,3.250294
pose_wp06_upper_lane,3.566586,2.299353,0.081811,3.900000,2.300000,0.000000,0.333414,-0.081811,3.370464
pose_wp06_upper_lane,3.566586,2.299353,0.081811,3.900000,2.300000,0.000000,0.333414,-0.081811,3.490624
pose_wp06_upper_lane,3.566586,2.299353,0.081811,3.900000,2.300000,0.000000,0.333414,-0.081811,3.610789
pose_wp06_upper_lane,3.566586,2.299353,0.081811,3.900000,2.300000,0.000000,0.333414,-0.081811,3.731229
pose_wp06_upper_lane,3.566586,2.299353,0.081811,3.900000,2.300000,0.000000,0.333414,-0.081811,3.851380
pose_wp06_upper_lane,3.566586,2.299353,0.081811,3.900000,2.300000,0.000000,0.333414,-0.081811,3.971502
pose_wp06_upper_lane,3.566586,2.299353,0.081811,3.900000,2.300000,0.000000,0.333414,-0.081811,4.091638
pose_wp06_upper_lane,3.719543,2.299612,0.109186,3.900000,2.300000,0.000000,0.180457,-0.109186,4.211748
pose_wp06_upper_lane,3.719543,2.299612,0.109186,3.900000,2.300000,0.000000,0.180457,-0.109186,4.331859
pose_wp06_upper_lane,3.719543,2.299612,0.109186,3.900000,2.300000,0.000000,0.180457,-0.109186,4.451955
pose_wp06_upper_lane,3.719543,2.299612,0.109186,3.900000,2.300000,0.000000,0.180457,-0.109186,4.572077
pose_wp06_upper_lane,3.719543,2.299612,0.109186,3.900000,2.300000,0.000000,0.180457,-0.109186,4.692231
pose_wp06_upper_lane,3.719543,2.299612,0.109186,3.900000,2.300000,0.000000,0.180457,-0.109186,4.812370
pose_wp06_upper_lane,3.719543,2.299612,0.109186,3.900000,2.300000,0.000000,0.180457,-0.109186,4.932547
pose_wp06_upper_lane,3.719543,2.299612,0.109186,3.900000,2.300000,0.000000,0.180457,-0.109186,5.052682
pose_wp06_upper_lane,3.719543,2.299612,0.109186,3.900000,2.300000,0.000000,0.180457,-0.109186,5.172812
pose_wp06_upper_lane,3.807420,2.299789,0.121122,3.900000,2.300000,0.000000,0.092580,-0.121122,5.292905
pose_wp06_upper_lane,3.807420,2.299789,0.121122,3.900000,2.300000,0.000000,0.092580,-0.121122,5.413053
pose_wp06_upper_lane,3.807420,2.299789,0.121122,3.900000,2.300000,0.000000,0.092580,-0.121122,5.533171
pose_wp06_upper_lane,3.807420,2.299789,0.121122,3.900000,2.300000,0.000000,0.092580,-0.121122,5.653347
pose_wp06_upper_lane,3.807420,2.299789,0.121122,3.900000,2.300000,0.000000,0.092580,-0.121122,5.773483
pose_wp06_upper_lane,3.807420,2.299789,0.121122,3.900000,2.300000,0.000000,0.092580,-0.121122,5.893651
pose_wp06_upper_lane,3.807420,2.299789,0.121122,3.900000,2.300000,0.000000,0.092580,-0.121122,6.013815
pose_wp06_upper_lane,3.807420,2.299789,0.121122,3.900000,2.300000,0.000000,0.092580,-0.121122,6.134054
pose_wp06_upper_lane,3.807420,2.299789,0.121122,3.900000,2.300000,0.000000,0.092580,-0.121122,6.254204
pose_wp06_upper_lane,3.851346,2.299885,0.128951,3.900000,2.300000,0.000000,0.048654,-0.128951,6.375918
pose_wp06_upper_lane,3.851346,2.299885,0.128951,3.900000,2.300000,0.000000,0.048654,-0.128951,6.496132
pose_wp06_upper_lane,3.851346,2.299885,0.128951,3.900000,2.300000,0.000000,0.048654,-0.128951,6.616275
pose_wp06_upper_lane,3.851346,2.299885,0.128951,3.900000,2.300000,0.000000,0.048654,-0.128951,6.736441
pose_wp06_upper_lane,3.851346,2.299885,0.128951,3.900000,2.300000,0.000000,0.048654,-0.128951,6.856618
pose_wp06_upper_lane,3.851346,2.299885,0.128951,3.900000,2.300000,0.000000,0.048654,-0.128951,6.976746
pose_wp06_upper_lane,3.851346,2.299885,0.128951,3.900000,2.300000,0.000000,0.048654,-0.128951,7.096953
pose_wp06_upper_lane,3.851346,2.299885,0.128951,3.900000,2.300000,0.000000,0.048654,-0.128951,7.217092
pose_wp06_upper_lane,3.851346,2.299885,0.128951,3.900000,2.300000,0.000000,0.048654,-0.128951,7.339741
pose_wp06_upper_lane,3.851346,2.299885,0.128951,3.900000,2.300000,0.000000,0.048654,-0.128951,7.459926
pose_wp07_upper_lane,3.884506,2.299961,0.135098,4.700000,2.300000,0.000000,0.815494,-0.135098,0.000003
pose_wp07_upper_lane,3.884506,2.299961,0.135098,4.700000,2.300000,0.000000,0.815494,-0.135098,0.120068
pose_wp07_upper_lane,3.884506,2.299961,0.135098,4.700000,2.300000,0.000000,0.815494,-0.135098,0.240242
pose_wp07_upper_lane,3.884506,2.299961,0.135098,4.700000,2.300000,0.000000,0.815494,-0.135098,0.360436
pose_wp07_upper_lane,3.884506,2.299961,0.135098,4.700000,2.300000,0.000000,0.815494,-0.135098,0.480598
pose_wp07_upper_lane,3.884506,2.299961,0.135098,4.700000,2.300000,0.000000,0.815494,-0.135098,0.601203
pose_wp07_upper_lane,3.884506,2.299961,0.135098,4.700000,2.300000,0.000000,0.815494,-0.135098,0.721370
pose_wp07_upper_lane,3.884506,2.299961,0.135098,4.700000,2.300000,0.000000,0.815494,-0.135098,0.841775
pose_wp07_upper_lane,4.005196,2.300151,0.054627,4.700000,2.300000,0.000000,0.694804,-0.054627,0.961940
pose_wp07_upper_lane,4.005196,2.300151,0.054627,4.700000,2.300000,0.000000,0.694804,-0.054627,1.082940
pose_wp07_upper_lane,4.005196,2.300151,0.054627,4.700000,2.300000,0.000000,0.694804,-0.054627,1.203372
pose_wp07_upper_lane,4.005196,2.300151,0.054627,4.700000,2.300000,0.000000,0.694804,-0.054627,1.323493
pose_wp07_upper_lane,4.005196,2.300151,0.054627,4.700000,2.300000,0.000000,0.694804,-0.054627,1.443661
pose_wp07_upper_lane,4.005196,2.300151,0.054627,4.700000,2.300000,0.000000,0.694804,-0.054627,1.563773
pose_wp07_upper_lane,4.005196,2.300151,0.054627,4.700000,2.300000,0.000000,0.694804,-0.054627,1.683928
pose_wp07_upper_lane,4.005196,2.300151,0.054627,4.700000,2.300000,0.000000,0.694804,-0.054627,1.804027
pose_wp07_upper_lane,4.005196,2.300151,0.054627,4.700000,2.300000,0.000000,0.694804,-0.054627,1.924272
pose_wp07_upper_lane,4.185196,2.300223,-0.004271,4.700000,2.300000,0.000000,0.514804,0.004271,2.044452
pose_wp07_upper_lane,4.185196,2.300223,-0.004271,4.700000,2.300000,0.000000,0.514804,0.004271,2.164602
pose_wp07_upper_lane,4.185196,2.300223,-0.004271,4.700000,2.300000,0.000000,0.514804,0.004271,2.286321
pose_wp07_upper_lane,4.185196,2.300223,-0.004271,4.700000,2.300000,0.000000,0.514804,0.004271,2.406560
pose_wp07_upper_lane,4.185196,2.300223,-0.004271,4.700000,2.300000,0.000000,0.514804,0.004271,2.526760
pose_wp07_upper_lane,4.185196,2.300223,-0.004271,4.700000,2.300000,0.000000,0.514804,0.004271,2.646899
pose_wp07_upper_lane,4.185196,2.300223,-0.004271,4.700000,2.300000,0.000000,0.514804,0.004271,2.769369
pose_wp07_upper_lane,4.185196,2.300223,-0.004271,4.700000,2.300000,0.000000,0.514804,0.004271,2.889560
pose_wp07_upper_lane,4.185196,2.300223,-0.004271,4.700000,2.300000,0.000000,0.514804,0.004271,3.009699
pose_wp07_upper_lane,4.365196,2.300175,-0.023721,4.700000,2.300000,0.000000,0.334804,0.023721,3.129886
pose_wp07_upper_lane,4.365196,2.300175,-0.023721,4.700000,2.300000,0.000000,0.334804,0.023721,3.250055
pose_wp07_upper_lane,4.365196,2.300175,-0.023721,4.700000,2.300000,0.000000,0.334804,0.023721,3.370247
pose_wp07_upper_lane,4.365196,2.300175,-0.023721,4.700000,2.300000,0.000000,0.334804,0.023721,3.490398
pose_wp07_upper_lane,4.365196,2.300175,-0.023721,4.700000,2.300000,0.000000,0.334804,0.023721,3.610732
pose_wp07_upper_lane,4.365196,2.300175,-0.023721,4.700000,2.300000,0.000000,0.334804,0.023721,3.730885
pose_wp07_upper_lane,4.365196,2.300175,-0.023721,4.700000,2.300000,0.000000,0.334804,0.023721,3.851031
pose_wp07_upper_lane,4.365196,2.300175,-0.023721,4.700000,2.300000,0.000000,0.334804,0.023721,3.973262
pose_wp07_upper_lane,4.365196,2.300175,-0.023721,4.700000,2.300000,0.000000,0.334804,0.023721,4.093438
pose_wp07_upper_lane,4.517799,2.300103,-0.029249,4.700000,2.300000,0.000000,0.182201,0.029249,4.213596
pose_wp07_upper_lane,4.517799,2.300103,-0.029249,4.700000,2.300000,0.000000,0.182201,0.029249,4.333779
pose_wp07_upper_lane,4.517799,2.300103,-0.029249,4.700000,2.300000,0.000000,0.182201,0.029249,4.453943
pose_wp07_upper_lane,4.517799,2.300103,-0.029249,4.700000,2.300000,0.000000,0.182201,0.029249,4.574106
pose_wp07_upper_lane,4.517799,2.300103,-0.029249,4.700000,2.300000,0.000000,0.182201,0.029249,4.694289
pose_wp07_upper_lane,4.517799,2.300103,-0.029249,4.700000,2.300000,0.000000,0.182201,0.029249,4.814405
pose_wp07_upper_lane,4.517799,2.300103,-0.029249,4.700000,2.300000,0.000000,0.182201,0.029249,4.934546
pose_wp07_upper_lane,4.517799,2.300103,-0.029249,4.700000,2.300000,0.000000,0.182201,0.029249,5.054685
pose_wp07_upper_lane,4.517799,2.300103,-0.029249,4.700000,2.300000,0.000000,0.182201,0.029249,5.177204
pose_wp07_upper_lane,4.604585,2.300057,-0.031947,4.700000,2.300000,0.000000,0.095415,0.031947,5.297804
pose_wp07_upper_lane,4.604585,2.300057,-0.031947,4.700000,2.300000,0.000000,0.095415,0.031947,5.417965
pose_wp07_upper_lane,4.604585,2.300057,-0.031947,4.700000,2.300000,0.000000,0.095415,0.031947,5.538117
pose_wp07_upper_lane,4.604585,2.300057,-0.031947,4.700000,2.300000,0.000000,0.095415,0.031947,5.659753
pose_wp07_upper_lane,4.604585,2.300057,-0.031947,4.700000,2.300000,0.000000,0.095415,0.031947,5.779923
pose_wp07_upper_lane,4.604585,2.300057,-0.031947,4.700000,2.300000,0.000000,0.095415,0.031947,5.900056
pose_wp07_upper_lane,4.604585,2.300057,-0.031947,4.700000,2.300000,0.000000,0.095415,0.031947,6.020250
pose_wp07_upper_lane,4.604585,2.300057,-0.031947,4.700000,2.300000,0.000000,0.095415,0.031947,6.140494
pose_wp07_upper_lane,4.604585,2.300057,-0.031947,4.700000,2.300000,0.000000,0.095415,0.031947,6.260681
pose_wp07_upper_lane,4.604585,2.300057,-0.031947,4.700000,2.300000,0.000000,0.095415,0.031947,6.380837
pose_wp07_upper_lane,4.648812,2.300032,-0.033831,4.700000,2.300000,0.000000,0.051188,0.033831,6.501030
pose_wp07_upper_lane,4.648812,2.300032,-0.033831,4.700000,2.300000,0.000000,0.051188,0.033831,6.621198
pose_wp07_upper_lane,4.648812,2.300032,-0.033831,4.700000,2.300000,0.000000,0.051188,0.033831,6.742207
pose_wp07_upper_lane,4.648812,2.300032,-0.033831,4.700000,2.300000,0.000000,0.051188,0.033831,6.862350
pose_wp07_upper_lane,4.648812,2.300032,-0.033831,4.700000,2.300000,0.000000,0.051188,0.033831,6.982494
pose_wp07_upper_lane,4.648812,2.300032,-0.033831,4.700000,2.300000,0.000000,0.051188,0.033831,7.102651
pose_wp07_upper_lane,4.648812,2.300032,-0.033831,4.700000,2.300000,0.000000,0.051188,0.033831,7.222791
pose_wp07_upper_lane,4.648812,2.300032,-0.033831,4.700000,2.300000,0.000000,0.051188,0.033831,7.342968
pose_wp07_upper_lane,4.648812,2.300032,-0.033831,4.700000,2.300000,0.000000,0.051188,0.033831,7.463148
pose_wp08_above_goal,4.682645,2.300011,-0.035324,5.500000,2.300000,-90.000000,0.817355,-89.964676,0.000002
pose_wp08_above_goal,4.682645,2.300011,-0.035324,5.500000,2.300000,-90.000000,0.817355,-89.964676,0.120128
pose_wp08_above_goal,4.682645,2.300011,-0.035324,5.500000,2.300000,-90.000000,0.817355,-89.964676,0.240346
pose_wp08_above_goal,4.682645,2.300011,-0.035324,5.500000,2.300000,-90.000000,0.817355,-89.964676,0.360505
pose_wp08_above_goal,4.682645,2.300011,-0.035324,5.500000,2.300000,-90.000000,0.817355,-89.964676,0.480646
pose_wp08_above_goal,4.682645,2.300011,-0.035324,5.500000,2.300000,-90.000000,0.817355,-89.964676,0.600789
pose_wp08_above_goal,4.682645,2.300011,-0.035324,5.500000,2.300000,-90.000000,0.817355,-89.964676,0.720976
pose_wp08_above_goal,4.682645,2.300011,-0.035324,5.500000,2.300000,-90.000000,0.817355,-89.964676,0.844185
pose_wp08_above_goal,4.807655,2.299960,-0.013666,5.500000,2.300000,-90.000000,0.692345,-89.986334,0.964391
pose_wp08_above_goal,4.807655,2.299960,-0.013666,5.500000,2.300000,-90.000000,0.692345,-89.986334,1.084531
pose_wp08_above_goal,4.807655,2.299960,-0.013666,5.500000,2.300000,-90.000000,0.692345,-89.986334,1.204695
pose_wp08_above_goal,4.807655,2.299960,-0.013666,5.500000,2.300000,-90.000000,0.692345,-89.986334,1.327817
pose_wp08_above_goal,4.807655,2.299960,-0.013666,5.500000,2.300000,-90.000000,0.692345,-89.986334,1.448686
pose_wp08_above_goal,4.807655,2.299960,-0.013666,5.500000,2.300000,-90.000000,0.692345,-89.986334,1.568831
pose_wp08_above_goal,4.807655,2.299960,-0.013666,5.500000,2.300000,-90.000000,0.692345,-89.986334,1.688980
pose_wp08_above_goal,4.807655,2.299960,-0.013666,5.500000,2.300000,-90.000000,0.692345,-89.986334,1.809145
pose_wp08_above_goal,4.807655,2.299960,-0.013666,5.500000,2.300000,-90.000000,0.692345,-89.986334,1.929278
pose_wp08_above_goal,4.987655,2.299942,0.001068,5.500000,2.300000,-90.000000,0.512345,-90.001068,2.049396
pose_wp08_above_goal,4.987655,2.299942,0.001068,5.500000,2.300000,-90.000000,0.512345,-90.001068,2.169524
pose_wp08_above_goal,4.987655,2.299942,0.001068,5.500000,2.300000,-90.000000,0.512345,-90.001068,2.289647
pose_wp08_above_goal,4.987655,2.299942,0.001068,5.500000,2.300000,-90.000000,0.512345,-90.001068,2.409788
pose_wp08_above_goal,4.987655,2.299942,0.001068,5.500000,2.300000,-90.000000,0.512345,-90.001068,2.529969
pose_wp08_above_goal,4.987655,2.299942,0.001068,5.500000,2.300000,-90.000000,0.512345,-90.001068,2.650097
pose_wp08_above_goal,4.987655,2.299942,0.001068,5.500000,2.300000,-90.000000,0.512345,-90.001068,2.770291
pose_wp08_above_goal,4.987655,2.299942,0.001068,5.500000,2.300000,-90.000000,0.512345,-90.001068,2.890463
pose_wp08_above_goal,4.987655,2.299942,0.001068,5.500000,2.300000,-90.000000,0.512345,-90.001068,3.010615
pose_wp08_above_goal,5.167655,2.299954,0.005907,5.500000,2.300000,-90.000000,0.332345,-90.005907,3.130776
pose_wp08_above_goal,5.167655,2.299954,0.005907,5.500000,2.300000,-90.000000,0.332345,-90.005907,3.250888
pose_wp08_above_goal,5.167655,2.299954,0.005907,5.500000,2.300000,-90.000000,0.332345,-90.005907,3.371092
pose_wp08_above_goal,5.167655,2.299954,0.005907,5.500000,2.300000,-90.000000,0.332345,-90.005907,3.491200
pose_wp08_above_goal,5.167655,2.299954,0.005907,5.500000,2.300000,-90.000000,0.332345,-90.005907,3.611366
pose_wp08_above_goal,5.167655,2.299954,0.005907,5.500000,2.300000,-90.000000,0.332345,-90.005907,3.731520
pose_wp08_above_goal,5.167655,2.299954,0.005907,5.500000,2.300000,-90.000000,0.332345,-90.005907,3.851665
pose_wp08_above_goal,5.167655,2.299954,0.005907,5.500000,2.300000,-90.000000,0.332345,-90.005907,3.971827
pose_wp08_above_goal,5.167655,2.299954,0.005907,5.500000,2.300000,-90.000000,0.332345,-90.005907,4.091993
pose_wp08_above_goal,5.318633,2.299972,0.007597,5.500000,2.300000,-90.000000,0.181367,-90.007597,4.212543
pose_wp08_above_goal,5.318633,2.299972,0.007597,5.500000,2.300000,-90.000000,0.181367,-90.007597,4.332991
pose_wp08_above_goal,5.318633,2.299972,0.007597,5.500000,2.300000,-90.000000,0.181367,-90.007597,4.453135
pose_wp08_above_goal,5.318633,2.299972,0.007597,5.500000,2.300000,-90.000000,0.181367,-90.007597,4.573307
pose_wp08_above_goal,5.318633,2.299972,0.007597,5.500000,2.300000,-90.000000,0.181367,-90.007597,4.696188
pose_wp08_above_goal,5.318633,2.299972,0.007597,5.500000,2.300000,-90.000000,0.181367,-90.007597,4.816445
pose_wp08_above_goal,5.318633,2.299972,0.007597,5.500000,2.300000,-90.000000,0.181367,-90.007597,4.936574
pose_wp08_above_goal,5.318633,2.299972,0.007597,5.500000,2.300000,-90.000000,0.181367,-90.007597,5.056743
pose_wp08_above_goal,5.318633,2.299972,0.007597,5.500000,2.300000,-90.000000,0.181367,-90.007597,5.177326
pose_wp08_above_goal,5.318633,2.299972,0.007597,5.500000,2.300000,-90.000000,0.181367,-90.007597,5.297448
pose_wp08_above_goal,5.403133,2.299984,0.008604,5.500000,2.300000,-90.000000,0.096867,-90.008604,5.417566
pose_wp08_above_goal,5.403133,2.299984,0.008604,5.500000,2.300000,-90.000000,0.096867,-90.008604,5.537701
pose_wp08_above_goal,5.403133,2.299984,0.008604,5.500000,2.300000,-90.000000,0.096867,-90.008604,5.657884
pose_wp08_above_goal,5.403133,2.299984,0.008604,5.500000,2.300000,-90.000000,0.096867,-90.008604,5.778006
pose_wp08_above_goal,5.403133,2.299984,0.008604,5.500000,2.300000,-90.000000,0.096867,-90.008604,5.898154
pose_wp08_above_goal,5.403133,2.299984,0.008604,5.500000,2.300000,-90.000000,0.096867,-90.008604,6.018265
pose_wp08_above_goal,5.403133,2.299984,0.008604,5.500000,2.300000,-90.000000,0.096867,-90.008604,6.138415
pose_wp08_above_goal,5.403133,2.299984,0.008604,5.500000,2.300000,-90.000000,0.096867,-90.008604,6.260185
pose_wp08_above_goal,5.403133,2.299984,0.008604,5.500000,2.300000,-90.000000,0.096867,-90.008604,6.380363
pose_wp08_above_goal,5.451002,2.299991,0.009357,5.500000,2.300000,-90.000000,0.048998,-90.009357,6.500521
pose_wp08_above_goal,5.451002,2.299991,0.009357,5.500000,2.300000,-90.000000,0.048998,-90.009357,6.620670
pose_wp08_above_goal,5.451002,2.299991,0.009357,5.500000,2.300000,-90.000000,0.048998,-90.009357,6.741192
pose_wp08_above_goal,5.451002,2.299991,0.009357,5.500000,2.300000,-90.000000,0.048998,-90.009357,6.861423
pose_wp08_above_goal,5.451002,2.299991,0.009357,5.500000,2.300000,-90.000000,0.048998,-90.009357,6.981628
pose_wp08_above_goal,5.451002,2.299991,0.009357,5.500000,2.300000,-90.000000,0.048998,-90.009357,7.101779
pose_wp08_above_goal,5.451002,2.299991,0.009357,5.500000,2.300000,-90.000000,0.048998,-90.009357,7.222235
pose_wp08_above_goal,5.451002,2.299991,0.009357,5.500000,2.300000,-90.000000,0.048998,-90.009357,7.342380
pose_wp08_above_goal,5.451002,2.299991,0.009357,5.500000,2.300000,-90.000000,0.048998,-90.009357,7.462495
pose_wp08_above_goal,5.482012,2.299997,0.009924,5.500000,2.300000,-90.000000,0.017988,-90.009924,8.225949
pose_wp08_above_goal,5.482012,2.299997,0.009924,5.500000,2.300000,-90.000000,0.017988,-90.009924,8.346329
pose_wp08_above_goal,5.482012,2.299997,0.009924,5.500000,2.300000,-90.000000,0.017988,-90.009924,8.467163
pose_wp08_above_goal,5.482012,2.299997,0.009924,5.500000,2.300000,-90.000000,0.017988,-90.009924,8.587360
pose_wp08_above_goal,5.483857,2.299997,-5.069320,5.500000,2.300000,-90.000000,0.016143,-84.930680,8.707537
pose_wp08_above_goal,5.483857,2.299997,-5.069320,5.500000,2.300000,-90.000000,0.016143,-84.930680,8.827735
pose_wp08_above_goal,5.483857,2.299997,-5.069320,5.500000,2.300000,-90.000000,0.016143,-84.930680,8.947892
pose_wp08_above_goal,5.483857,2.299997,-5.069320,5.500000,2.300000,-90.000000,0.016143,-84.930680,9.068062
pose_wp08_above_goal,5.483857,2.299997,-5.069320,5.500000,2.300000,-90.000000,0.016143,-84.930680,9.188241
pose_wp08_above_goal,5.483857,2.299997,-5.069320,5.500000,2.300000,-90.000000,0.016143,-84.930680,9.308436
pose_wp08_above_goal,5.483857,2.299997,-5.069320,5.500000,2.300000,-90.000000,0.016143,-84.930680,9.428582
pose_wp08_above_goal,5.483857,2.299997,-5.069320,5.500000,2.300000,-90.000000,0.016143,-84.930680,9.548743
pose_wp08_above_goal,5.483857,2.299997,-5.069320,5.500000,2.300000,-90.000000,0.016143,-84.930680,9.668924
pose_wp08_above_goal,5.483857,2.299997,-22.258054,5.500000,2.300000,-90.000000,0.016143,-67.741946,9.791826
pose_wp08_above_goal,5.483857,2.299997,-22.258054,5.500000,2.300000,-90.000000,0.016143,-67.741946,9.912035
pose_wp08_above_goal,5.483857,2.299997,-22.258054,5.500000,2.300000,-90.000000,0.016143,-67.741946,10.032297
pose_wp08_above_goal,5.483857,2.299997,-22.258054,5.500000,2.300000,-90.000000,0.016143,-67.741946,10.152484
pose_wp08_above_goal,5.483857,2.299997,-22.258054,5.500000,2.300000,-90.000000,0.016143,-67.741946,10.273443
pose_wp08_above_goal,5.483857,2.299997,-22.258054,5.500000,2.300000,-90.000000,0.016143,-67.741946,10.393605
pose_wp08_above_goal,5.483857,2.299997,-22.258054,5.500000,2.300000,-90.000000,0.016143,-67.741946,10.513733
pose_wp08_above_goal,5.483857,2.299997,-22.258054,5.500000,2.300000,-90.000000,0.016143,-67.741946,10.633853
pose_wp08_above_goal,5.483857,2.299997,-22.258054,5.500000,2.300000,-90.000000,0.016143,-67.741946,10.754017
pose_wp08_above_goal,5.483857,2.299997,-39.446788,5.500000,2.300000,-90.000000,0.016143,-50.553212,10.874144
pose_wp08_above_goal,5.483857,2.299997,-39.446788,5.500000,2.300000,-90.000000,0.016143,-50.553212,10.994254
pose_wp08_above_goal,5.483857,2.299997,-39.446788,5.500000,2.300000,-90.000000,0.016143,-50.553212,11.114383
pose_wp08_above_goal,5.483857,2.299997,-39.446788,5.500000,2.300000,-90.000000,0.016143,-50.553212,11.235774
pose_wp08_above_goal,5.483857,2.299997,-39.446788,5.500000,2.300000,-90.000000,0.016143,-50.553212,11.355883
pose_wp08_above_goal,5.483857,2.299997,-39.446788,5.500000,2.300000,-90.000000,0.016143,-50.553212,11.476030
pose_wp08_above_goal,5.483857,2.299997,-39.446788,5.500000,2.300000,-90.000000,0.016143,-50.553212,11.596176
pose_wp08_above_goal,5.483857,2.299997,-39.446788,5.500000,2.300000,-90.000000,0.016143,-50.553212,11.717636
pose_wp08_above_goal,5.483857,2.299997,-39.446788,5.500000,2.300000,-90.000000,0.016143,-50.553212,11.837778
pose_wp08_above_goal,5.483857,2.299997,-39.446788,5.500000,2.300000,-90.000000,0.016143,-50.553212,11.957943
pose_wp08_above_goal,5.483857,2.299997,-56.635522,5.500000,2.300000,-90.000000,0.016143,-33.364478,12.078115
pose_wp08_above_goal,5.483857,2.299997,-56.635522,5.500000,2.300000,-90.000000,0.016143,-33.364478,12.198340
pose_wp08_above_goal,5.483857,2.299997,-56.635522,5.500000,2.300000,-90.000000,0.016143,-33.364478,12.318511
pose_wp08_above_goal,5.483857,2.299997,-56.635522,5.500000,2.300000,-90.000000,0.016143,-33.364478,12.438685
pose_wp08_above_goal,5.483857,2.299997,-56.635522,5.500000,2.300000,-90.000000,0.016143,-33.364478,12.558854
pose_wp08_above_goal,5.483857,2.299997,-56.635522,5.500000,2.300000,-90.000000,0.016143,-33.364478,12.679355
pose_wp08_above_goal,5.483857,2.299997,-56.635522,5.500000,2.300000,-90.000000,0.016143,-33.364478,12.799563
pose_wp08_above_goal,5.483857,2.299997,-56.635522,5.500000,2.300000,-90.000000,0.016143,-33.364478,12.919713
pose_wp08_above_goal,5.483857,2.299997,-56.635522,5.500000,2.300000,-90.000000,0.016143,-33.364478,13.039871
pose_wp08_above_goal,5.483857,2.299997,-73.824256,5.500000,2.300000,-90.000000,0.016143,-16.175744,13.160097
pose_wp08_above_goal,5.483857,2.299997,-73.824256,5.500000,2.300000,-90.000000,0.016143,-16.175744,13.280262
pose_wp08_above_goal,5.483857,2.299997,-73.824256,5.500000,2.300000,-90.000000,0.016143,-16.175744,13.400431
pose_wp08_above_goal,5.483857,2.299997,-73.824256,5.500000,2.300000,-90.000000,0.016143,-16.175744,13.520564
pose_wp08_above_goal,5.483857,2.299997,-73.824256,5.500000,2.300000,-90.000000,0.016143,-16.175744,13.640736
pose_wp08_above_goal,5.483857,2.299997,-73.824256,5.500000,2.300000,-90.000000,0.016143,-16.175744,13.760888
pose_wp08_above_goal,5.483857,2.299997,-73.824256,5.500000,2.300000,-90.000000,0.016143,-16.175744,13.883210
pose_wp08_above_goal,5.483857,2.299997,-73.824256,5.500000,2.300000,-90.000000,0.016143,-16.175744,14.003353
pose_wp08_above_goal,5.483857,2.299997,-73.824256,5.500000,2.300000,-90.000000,0.016143,-16.175744,14.123503
pose_goal_final_yaw,5.483857,2.299997,-90.065771,5.800000,2.000000,0.000000,0.435827,90.065771,0.000002
pose_goal_final_yaw,5.483857,2.299997,-90.065771,5.800000,2.000000,0.000000,0.435827,90.065771,0.120130
pose_goal_final_yaw,5.483857,2.299997,-90.065771,5.800000,2.000000,0.000000,0.435827,90.065771,0.240273
pose_goal_final_yaw,5.483857,2.299997,-90.065771,5.800000,2.000000,0.000000,0.435827,90.065771,0.360423
pose_goal_final_yaw,5.483857,2.299997,-85.942249,5.800000,2.000000,0.000000,0.435827,85.942249,0.480567
pose_goal_final_yaw,5.483857,2.299997,-85.942249,5.800000,2.000000,0.000000,0.435827,85.942249,0.600790
pose_goal_final_yaw,5.483857,2.299997,-85.942249,5.800000,2.000000,0.000000,0.435827,85.942249,0.720936
pose_goal_final_yaw,5.483857,2.299997,-85.942249,5.800000,2.000000,0.000000,0.435827,85.942249,0.841154
pose_goal_final_yaw,5.483857,2.299997,-85.942249,5.800000,2.000000,0.000000,0.435827,85.942249,0.962669
pose_goal_final_yaw,5.483857,2.299997,-85.942249,5.800000,2.000000,0.000000,0.435827,85.942249,1.082796
pose_goal_final_yaw,5.483857,2.299997,-85.942249,5.800000,2.000000,0.000000,0.435827,85.942249,1.202933
pose_goal_final_yaw,5.483857,2.299997,-85.942249,5.800000,2.000000,0.000000,0.435827,85.942249,1.323095
pose_goal_final_yaw,5.483857,2.299997,-85.942249,5.800000,2.000000,0.000000,0.435827,85.942249,1.443253
pose_goal_final_yaw,5.483857,2.299997,-65.888726,5.800000,2.000000,0.000000,0.435827,65.888726,1.563409
pose_goal_final_yaw,5.483857,2.299997,-65.888726,5.800000,2.000000,0.000000,0.435827,65.888726,1.683603
pose_goal_final_yaw,5.483857,2.299997,-65.888726,5.800000,2.000000,0.000000,0.435827,65.888726,1.803783
pose_goal_final_yaw,5.483857,2.299997,-65.888726,5.800000,2.000000,0.000000,0.435827,65.888726,1.923928
pose_goal_final_yaw,5.483857,2.299997,-65.888726,5.800000,2.000000,0.000000,0.435827,65.888726,2.044089
pose_goal_final_yaw,5.483857,2.299997,-65.888726,5.800000,2.000000,0.000000,0.435827,65.888726,2.164256
pose_goal_final_yaw,5.483857,2.299997,-65.888726,5.800000,2.000000,0.000000,0.435827,65.888726,2.284408
pose_goal_final_yaw,5.483857,2.299997,-65.888726,5.800000,2.000000,0.000000,0.435827,65.888726,2.404566
pose_goal_final_yaw,5.483857,2.299997,-65.888726,5.800000,2.000000,0.000000,0.435827,65.888726,2.524741
pose_goal_final_yaw,5.483857,2.299997,-45.835203,5.800000,2.000000,0.000000,0.435827,45.835203,2.644961
pose_goal_final_yaw,5.483857,2.299997,-45.835203,5.800000,2.000000,0.000000,0.435827,45.835203,2.765307
pose_goal_final_yaw,5.483857,2.299997,-45.835203,5.800000,2.000000,0.000000,0.435827,45.835203,2.888028
pose_goal_final_yaw,5.483857,2.299997,-45.835203,5.800000,2.000000,0.000000,0.435827,45.835203,3.008208
pose_goal_final_yaw,5.483857,2.299997,-45.835203,5.800000,2.000000,0.000000,0.435827,45.835203,3.128357
pose_goal_final_yaw,5.483857,2.299997,-45.835203,5.800000,2.000000,0.000000,0.435827,45.835203,3.250955
pose_goal_final_yaw,5.483857,2.299997,-45.835203,5.800000,2.000000,0.000000,0.435827,45.835203,3.371260
pose_goal_final_yaw,5.483857,2.299997,-45.835203,5.800000,2.000000,0.000000,0.435827,45.835203,3.491412
pose_goal_final_yaw,5.483857,2.299997,-45.835203,5.800000,2.000000,0.000000,0.435827,45.835203,3.612325
pose_goal_final_yaw,5.483857,2.299997,-45.835203,5.800000,2.000000,0.000000,0.435827,45.835203,3.732514
pose_goal_final_yaw,5.602547,2.188039,-42.459628,5.800000,2.000000,0.000000,0.272665,42.459628,3.852680
pose_goal_final_yaw,5.602547,2.188039,-42.459628,5.800000,2.000000,0.000000,0.272665,42.459628,3.972860
pose_goal_final_yaw,5.602547,2.188039,-42.459628,5.800000,2.000000,0.000000,0.272665,42.459628,4.093011
pose_goal_final_yaw,5.602547,2.188039,-42.459628,5.800000,2.000000,0.000000,0.272665,42.459628,4.213228
pose_goal_final_yaw,5.602547,2.188039,-42.459628,5.800000,2.000000,0.000000,0.272665,42.459628,4.335337
pose_goal_final_yaw,5.602547,2.188039,-42.459628,5.800000,2.000000,0.000000,0.272665,42.459628,4.455506
pose_goal_final_yaw,5.602547,2.188039,-42.459628,5.800000,2.000000,0.000000,0.272665,42.459628,4.575653
pose_goal_final_yaw,5.602547,2.188039,-42.459628,5.800000,2.000000,0.000000,0.272665,42.459628,4.695843
pose_goal_final_yaw,5.602547,2.188039,-42.459628,5.800000,2.000000,0.000000,0.272665,42.459628,4.816063
pose_goal_final_yaw,5.697983,2.100212,-43.078818,5.800000,2.000000,0.000000,0.143004,43.078818,4.936208
pose_goal_final_yaw,5.697983,2.100212,-43.078818,5.800000,2.000000,0.000000,0.143004,43.078818,5.056364
pose_goal_final_yaw,5.697983,2.100212,-43.078818,5.800000,2.000000,0.000000,0.143004,43.078818,5.176621
pose_goal_final_yaw,5.697983,2.100212,-43.078818,5.800000,2.000000,0.000000,0.143004,43.078818,5.296846
pose_goal_final_yaw,5.697983,2.100212,-43.078818,5.800000,2.000000,0.000000,0.143004,43.078818,5.416971
pose_goal_final_yaw,5.697983,2.100212,-43.078818,5.800000,2.000000,0.000000,0.143004,43.078818,5.537140
pose_goal_final_yaw,5.697983,2.100212,-43.078818,5.800000,2.000000,0.000000,0.143004,43.078818,5.657302
pose_goal_final_yaw,5.697983,2.100212,-43.078818,5.800000,2.000000,0.000000,0.143004,43.078818,5.777457
pose_goal_final_yaw,5.697983,2.100212,-43.078818,5.800000,2.000000,0.000000,0.143004,43.078818,5.897595
pose_goal_final_yaw,5.748807,2.051836,-44.191331,5.800000,2.000000,0.000000,0.072854,44.191331,6.018608
pose_goal_final_yaw,5.748807,2.051836,-44.191331,5.800000,2.000000,0.000000,0.072854,44.191331,6.138793
pose_goal_final_yaw,5.748807,2.051836,-44.191331,5.800000,2.000000,0.000000,0.072854,44.191331,6.258935
pose_goal_final_yaw,5.748807,2.051836,-44.191331,5.800000,2.000000,0.000000,0.072854,44.191331,6.379081
pose_goal_final_yaw,5.748807,2.051836,-44.191331,5.800000,2.000000,0.000000,0.072854,44.191331,6.499229
pose_goal_final_yaw,5.748807,2.051836,-44.191331,5.800000,2.000000,0.000000,0.072854,44.191331,6.619329
pose_goal_final_yaw,5.748807,2.051836,-44.191331,5.800000,2.000000,0.000000,0.072854,44.191331,6.739486
pose_goal_final_yaw,5.748807,2.051836,-44.191331,5.800000,2.000000,0.000000,0.072854,44.191331,6.861528
pose_goal_final_yaw,5.748807,2.051836,-44.191331,5.800000,2.000000,0.000000,0.072854,44.191331,6.981711
pose_goal_final_yaw,5.773464,2.027485,-45.132987,5.800000,2.000000,0.000000,0.038204,45.132987,7.101856
pose_goal_final_yaw,5.773464,2.027485,-45.132987,5.800000,2.000000,0.000000,0.038204,45.132987,7.222158
pose_goal_final_yaw,5.773464,2.027485,-45.132987,5.800000,2.000000,0.000000,0.038204,45.132987,7.342366
pose_goal_final_yaw,5.773464,2.027485,-45.132987,5.800000,2.000000,0.000000,0.038204,45.132987,7.462501
pose_goal_final_yaw,5.773464,2.027485,-45.132987,5.800000,2.000000,0.000000,0.038204,45.132987,7.582685
pose_goal_final_yaw,5.773464,2.027485,-45.132987,5.800000,2.000000,0.000000,0.038204,45.132987,7.702881
pose_goal_final_yaw,5.773464,2.027485,-45.132987,5.800000,2.000000,0.000000,0.038204,45.132987,7.823044
pose_goal_final_yaw,5.773464,2.027485,-45.132987,5.800000,2.000000,0.000000,0.038204,45.132987,7.943209
pose_goal_final_yaw,5.773464,2.027485,-45.132987,5.800000,2.000000,0.000000,0.038204,45.132987,8.063326
pose_goal_final_yaw,5.773464,2.027485,-45.132987,5.800000,2.000000,0.000000,0.038204,45.132987,8.183520
pose_goal_final_yaw,5.794543,2.006044,-45.837136,5.800000,2.000000,0.000000,0.008143,45.837136,8.945283
pose_goal_final_yaw,5.794543,2.006044,-45.837136,5.800000,2.000000,0.000000,0.008143,45.837136,9.065441
pose_goal_final_yaw,5.794543,2.006044,-45.837136,5.800000,2.000000,0.000000,0.008143,45.837136,9.185627
pose_goal_final_yaw,5.797101,2.003406,-41.814860,5.800000,2.000000,0.000000,0.004473,41.814860,9.305849
pose_goal_final_yaw,5.797101,2.003406,-41.814860,5.800000,2.000000,0.000000,0.004473,41.814860,9.426087
pose_goal_final_yaw,5.797101,2.003406,-41.814860,5.800000,2.000000,0.000000,0.004473,41.814860,9.547762
pose_goal_final_yaw,5.797101,2.003406,-41.814860,5.800000,2.000000,0.000000,0.004473,41.814860,9.667992
pose_goal_final_yaw,5.797101,2.003406,-41.814860,5.800000,2.000000,0.000000,0.004473,41.814860,9.788182
pose_goal_final_yaw,5.797101,2.003406,-41.814860,5.800000,2.000000,0.000000,0.004473,41.814860,9.908382
pose_goal_final_yaw,5.797101,2.003406,-41.814860,5.800000,2.000000,0.000000,0.004473,41.814860,10.028557
pose_goal_final_yaw,5.797101,2.003406,-41.814860,5.800000,2.000000,0.000000,0.004473,41.814860,10.148720
pose_goal_final_yaw,5.797101,2.003406,-41.814860,5.800000,2.000000,0.000000,0.004473,41.814860,10.268907
pose_goal_final_yaw,5.797101,2.003406,-41.814860,5.800000,2.000000,0.000000,0.004473,41.814860,10.389118
pose_goal_final_yaw,5.797101,2.003406,-24.626127,5.800000,2.000000,0.000000,0.004473,24.626127,10.509533
pose_goal_final_yaw,5.797101,2.003406,-24.626127,5.800000,2.000000,0.000000,0.004473,24.626127,10.629711
pose_goal_final_yaw,5.797101,2.003406,-24.626127,5.800000,2.000000,0.000000,0.004473,24.626127,10.749883
pose_goal_final_yaw,5.797101,2.003406,-24.626127,5.800000,2.000000,0.000000,0.004473,24.626127,10.870033
pose_goal_final_yaw,5.797101,2.003406,-24.626127,5.800000,2.000000,0.000000,0.004473,24.626127,10.990185
pose_goal_final_yaw,5.797101,2.003406,-24.626127,5.800000,2.000000,0.000000,0.004473,24.626127,11.110349
pose_goal_final_yaw,5.797101,2.003406,-24.626127,5.800000,2.000000,0.000000,0.004473,24.626127,11.230517
pose_goal_final_yaw,5.797101,2.003406,-24.626127,5.800000,2.000000,0.000000,0.004473,24.626127,11.350627
pose_goal_final_yaw,5.797101,2.003406,-24.626127,5.800000,2.000000,0.000000,0.004473,24.626127,11.470725
pose_goal_final_yaw,5.797101,2.003406,-7.437393,5.800000,2.000000,0.000000,0.004473,7.437393,11.590909
pose_goal_final_yaw,5.797101,2.003406,-7.437393,5.800000,2.000000,0.000000,0.004473,7.437393,11.711534
pose_goal_final_yaw,5.797101,2.003406,-7.437393,5.800000,2.000000,0.000000,0.004473,7.437393,11.831945
pose_goal_final_yaw,5.797101,2.003406,-7.437393,5.800000,2.000000,0.000000,0.004473,7.437393,11.952223
pose_goal_final_yaw,5.797101,2.003406,-7.437393,5.800000,2.000000,0.000000,0.004473,7.437393,12.072371
pose_goal_final_yaw,5.797101,2.003406,-7.437393,5.800000,2.000000,0.000000,0.004473,7.437393,12.192561
pose_goal_final_yaw,5.797101,2.003406,-7.437393,5.800000,2.000000,0.000000,0.004473,7.437393,12.312792
pose_goal_final_yaw,5.797101,2.003406,-7.437393,5.800000,2.000000,0.000000,0.004473,7.437393,12.432939
pose_goal_final_yaw,5.797101,2.003406,-7.437393,5.800000,2.000000,0.000000,0.004473,7.437393,12.553530
